財務省,,,,,,,,,,,,,,,,,,,,,,,,,,,,,,,,,,,,,,,,,,,,,,,,,,,,,,,,,,,,,,,,,,,,,,,,,,,,,,,,,,,,,,,,,,,,,,,,,,,,,,,,,,,,,,,,,,,,,,,,,,,,,,,,,,,,,,,,,,,,,,
Ministry of Finance　,,,,,,,,,,,,,,,,,,,,,,,,,,,,,,,,,,,,,,,,,,,,,,,,,,,,,,,,,,,,,,,,,,,,,,,,,,,,,,,,,,,,,,,,,,,,,,,,,,,,,,,,,,,,,,,,,,,,,,,,,,,,,,,,,,,,,,,,,,,,,,
外貨準備等の状況,,,,,,,,,,,,,,,,,,,,,,,,,,,,,,,,,,,,,,,,,,,,,,,,,,,,,,,,,,,,,,,,,,,,,,,,,,,,,,,,,,,,,,,,,,,,,,,,,,,,,,,,,,,,,,,,,,,,,,,,,,,,,,,,,,,,,,,,,,,,,,
International Reserves/Foreign Currency Liquidity,,,,,,,,,,,,,,,,,,,,,,,,,,,,,,,,,,,,,,,,,,,,,,,,,,,,,,,,,,,,,,,,,,,,,,,,,,,,,,,,,,,,,,,,,,,,,,,,,,,,,,,,,,,,,,,,,,,,,,,,,,,,,,,,,,,,,,,,,,,,,,
（単位：百万ドル）　,,,,,,,,,,,,,,,,,,,,,,,,,,,,,,,,,,,,,,,,,,,,,,,,,,,,,,,,,,,,,,,,,,,,,,,,,,,,,,,,,,,,,,,,,,,,,,,,,,,,,,,,,,,,,,,,,,,,,,,,,,,,,,,,,,,,,,,,,,,,,,
（US$ millions),,,,,,,,,,,,,,,,,,,,,,,,,,,,,,,,,,,,,,,,,,,,,,,,,,,,,,,,,,,,,,,,,,,,,,,,,,,,,,,,,,,,,,,,,,,,,,,,,,,,,,,,,,,,,,,,,,,,,,,,,,,,,,,,,,,,,,,,,,,,,,
,,,,,,,,,,,,,,,,,,,,,,,,,,,,,,,,,,,,,,,,,,,,,,,,,,,,,,,,,,,,,,,,,,,,,,,,,,,,,,,,,,,,,,,,,,,,,,,,,,,,,,,,,,,,,,,,,,,,,,,,,,,,,,,,,,,,,,,,,,,,,,
,,,,Ｉ．外貨準備及びその他外貨資産,,,,,,,,,,,,,,,,,,,,,,II．短期の外貨建債務等,,,,,,,,,,,,,,,,,,,,,III．短期の外貨建偶発債務等,,,,,,,,,,,,,,,,,,,,,,,,,,,,,,,,,,,,,,,,,,,,,,,,,,,,,,,,,,,,,,,,,,,,,,,,,,,,,IV．メモ項目,,,,,,,,,,,,,,,,,,
,,,,I. Official reserve assets and other foreign currency assets,,,,,,,,,,,,,,,,,,,,,,II. Predetermined short-term net drains on foreign currency assets,,,,,,,,,,,,,,,,,,,,,III. Contingent short-term net drains on foreign currency assets,,,,,,,,,,,,,,,,,,,,,,,,,,,,,,,,,,,,,,,,,,,,,,,,,,,,,,,,,,,,,,,,,,,,,,,,,,,,,IV. Memo items ,,,,,,,,,,,,,,,,,,
,,,,Ａ．外貨準備,,,,,,,,,,,,,,,,,,Ｂ．その他外貨資産,,,,１．外貨建貸付/借入及び外貨建債券,,,,２．対円での外貨の為替先渡及び為替先物のポジションの合計 ,,,,,,,,,,,,３．その他,,,,,１．外貨建偶発債務,,,,,,,,,,,,２．償還オプション付外貨建債券,,,,３．無条件の信用枠（未使用分）,,,,,,,,,,,,,,,,４．無条件の信用枠（未使用分）,,,,,,,,,,,,,,,,５．対円での外貨のオプションのポジションの合計 ,,,,,,,,,,,,,,,,,,,,,,,,,,,,,(1) 月次更新計数,,,,,,,,,,,,,,,,(2) 上記以外の計数,,
,,,,A. Official reserve assets,,,,,,,,,,,,,,,,,,B. Other foreign currency assets,,,,1. Foreign currency loans and securities,,,,2.   Aggregate short and long positions in forwards and futures in foreign currencies vis-? vis Yen,,,,,,,,,,,,3. Other,,,,,1. Contingent liabilities in foreign currency,,,,,,,,,,,,2. Foreign currency securities issued with embedded options,,,,"3. Undrawn, unconditional credit lines provided by:",,,,,,,,,,,,,,,,"4. Undrawn, unconditional credit lines provided to:",,,,,,,,,,,,,,,,5.  Aggregate short and long positions of options in foreign currencies vis-? vis Yen,,,,,,,,,,,,,,,,,,,,,,,,,,,,,(1) To be reported with standard periodicity and timeliness: ,,,,,,,,,,,,,,,,(2) To be disclosed less frequently:,,
,,,,,１．外貨,,,,,,,,,２．IMFリザーブポジション,３．SDR,４．金,,５．その他外貨準備,,,,,国際協力銀行に対する貸付（額面）,IMFに対する貸付,,,,,,,,,,(a) ショートポジション,,,,(b) ロングポジション,,,,,,,,,,,,,(a) 1年以内に満期の到来する債務に対する保証 ,,,,(b) その他の外貨建偶発債務,,,,,,,,,,,,(a) 外国中央銀行、BIS、IMF及びその他国際金融機関からの信用枠,,,,(b) 本邦金融機関からの信用枠,,,,(c) 外国金融機関からの信用枠,,,,,,,,(a) 外国中央銀行、BIS、IMF及びその他国際金融機関に対する信用枠,,,,(b) 本邦金融機関に対する信用枠,,,,(c) 外国金融機関に対する信用枠,,,,,,,,(a) ショートポジション,,,,,,,,,,,,(b) ロングポジション,,,,,,,,,,,,,(a) 為替相場に価値がリンクした短期円建債務,(b) 外貨資産のうち円など他の取引手段で決済されるもの,(c) 担保に入れられている資産,(d) 貸出及びレポに出されている債券,,,,,(e) デリバティブ資産（ネット、時価評価),,,,,,(f)　残存期間が１年超のデリバティブ（為替先渡、先物又はオプション契約） ,,(a) 外貨準備の通貨別構成,,
,,,,,(1) Foreign currency reserves,,,,,,,,,(2) IMF reserve position,(3) SDRs,(4) Gold,,(5) other reserve assets,,,,,loans to The Japan Bank for International Cooperation (JBIC),loans to the IMF,,,,,,,,,,(a) Short positions(-),,,,(b) Long positions (+),,,,,,,,,,,,,(a) Collateral guarantees on debt falling due within 1 year,,,,(b) Other contingent liabilities,,,,,,,,,,,,"(a) other national monetary authorities, BIS, IMF, and other international organizations",,,,(b) banks and other financial institutions headquartered in Japan,,,,(c) banks and other financial institutions headquartered outside Japan,,,,,,,,"(a) other national monetary authorities, BIS, IMF, and other international organizations",,,,(b) banks and other financial institutions headquartered in Japan,,,,(c) banks and other financial institutions headquartered outside Japan,,,,,,,,(a) Short positions,,,,,,,,,,,,(b) Long positions,,,,,,,,,,,,,(a) short-term domestic currency debt indexed to the exchange rate ,"(b)  financial instruments denominated in foreign currency and settled by other means(e.g., in Yen) ",(c) pledged assets,(d) securities lent and on repo,,,,,"(e) financial derivative assets(net, marked to market)",,,,,,"(f)　derivatives(forward, futures, or options contracts)that have a residual maturity greater than one year. ",,(a) currency composition of reserves (by groups of currencies),,
,,,,,,(a) 証券,,(b) 預金,,,,,,,,,（重量［百万トロイオンス］）,,(a) 金融派生商品,(b) 非銀行非居住者に対する貸付,(c) その他,,,,,,,,,,,,,,,,,,,,,,,,,,,,,,,,,,,,,,,,,,,,,,,,,,,,,,,,,,,,,,,,,,,,,,,,,,,,,,,,,,(ｉ) プットの買い,,,,(ii) コールの売り,,,,,,,,(ｉ) コールの買い,,,,(ii) プットの売り,,,,,,,,,貸出またはレポに出されており、「Ⅰ．外貨準備及びその他外貨資産」に含まれるもの,貸出またはレポに出されており、「Ⅰ．外貨準備及びその他外貨資産」に含まれないもの,借入または担保として取得しており、「Ⅰ．外貨準備及びその他外貨資産」に含まれるもの,借入または担保として取得しており、「Ⅰ．外貨準備及びその他外貨資産」に含まれないもの,,フォワード,フューチャー,スワップ,オプション,その他,,,,SDRﾊﾞｽｹｯﾄを構成している通貨建の資産,上記通貨以外の通貨建の資産
,,,,,,(a) Securities,,(b) Deposits with,,,,,,,,,(volume [in million fine troy ounces]),,(a) Financial derivatives,(b) Loans to nonbank nonresidents,(c) Other,,,,,,,,,,,,,,,,,,,,,,,,,,,,,,,,,,,,,,,,,,,,,,,,,,,,,,,,,,,,,,,,,,,,,,,,,,,,,,,,,,(i) Bought puts,,,,(ii) Written calls,,,,,,,,(i) Bought calls,,,,(ii) Written puts,,,,,,,,,lent or repoed and included in Section I,lent or repoed but not included in Section I,borrowed or acquired and included in Section I,borrowed or acquired but not included in Section I,,forwards,futures,swaps,options,other,,,,currencies in SDR basket,currencies not in SDR basket
,,,,,,,,,ｉ．外国中央銀行及びＢＩＳへの預金,ii．本邦金融機関への預金,,iii．外国金融機関への預金,,,,,,,,,,,,,,合計,1ヶ月以内,1ヶ月超3ヶ月以内,3ヶ月超1年以内,合計,1ヶ月以内,1ヶ月超3ヶ月以内,3ヶ月超1年以内,合計,1ヶ月以内,1ヶ月超3ヶ月以内,3ヶ月超1年以内,合計,1ヶ月以内,1ヶ月超3ヶ月以内,3ヶ月超1年以内,合計,1ヶ月以内,1ヶ月超3ヶ月以内,3ヶ月超1年以内,,合計,1ヶ月以内,1ヶ月超3ヶ月以内,3ヶ月超1年以内,合計,1ヶ月以内,1ヶ月超3ヶ月以内,3ヶ月超1年以内,合計,1ヶ月以内,1ヶ月超3ヶ月以内,3ヶ月超1年以内,合計,1ヶ月以内,1ヶ月超3ヶ月以内,3ヶ月超1年以内,合計,1ヶ月以内,1ヶ月超3ヶ月以内,3ヶ月超1年以内,合計,1ヶ月以内,1ヶ月超3ヶ月以内,3ヶ月超1年以内,合計,1ヶ月以内,1ヶ月超3ヶ月以内,3ヶ月超1年以内,合計,1ヶ月以内,1ヶ月超3ヶ月以内,3ヶ月超1年以内,合計,1ヶ月以内,1ヶ月超3ヶ月以内,3ヶ月超1年以内,合計,1ヶ月以内,1ヶ月超3ヶ月以内,3ヶ月超1年以内,合計,1ヶ月以内,1ヶ月超3ヶ月以内,3ヶ月超1年以内,合計,1ヶ月以内,1ヶ月超3ヶ月以内,3ヶ月超1年以内,合計,1ヶ月以内,1ヶ月超3ヶ月以内,3ヶ月超1年以内,合計,1ヶ月以内,1ヶ月超3ヶ月以内,3ヶ月超1年以内,合計,1ヶ月以内,1ヶ月超3ヶ月以内,3ヶ月超1年以内,合計,1ヶ月以内,1ヶ月超3ヶ月以内,3ヶ月超1年以内,合計,1ヶ月以内,1ヶ月超3ヶ月以内,3ヶ月超1年以内,合計,1ヶ月以内,1ヶ月超3ヶ月以内,3ヶ月超1年以内,合計,1ヶ月以内,1ヶ月超3ヶ月以内,3ヶ月超1年以内,,,,,,,,,,,,,,,,,,,,
,,,,,,,,,(i) Foreign central banks and BIS,(ii) Banks headquartered in Japan,,(iii) Banks headquartered outside Japan,,,,,,,,,,,,,,Total,Up to 1 month,More than 1 month and up to 3 months,More than 3 months and up to 1 year,Total,Up to 1 month,More than 1 month and up to 3 months,More than 3 months and up to 1 year,Total,Up to 1 month,More than 1 month and up to 3 months,More than 3 months and up to 1 year,Total,Up to 1 month,More than 1 month and up to 3 months,More than 3 months and up to 1 year,Total,Up to 1 month,More than 1 month and up to 3 months,More than 3 months and up to 1 year,,Total,Up to 1 month,More than 1 month and up to 3 months,More than 3 months and up to 1 year,Total,Up to 1 month,More than 1 month and up to 3 months,More than 3 months and up to 1 year,Total,Up to 1 month,More than 1 month and up to 3 months,More than 3 months and up to 1 year,Total,Up to 1 month,More than 1 month and up to 3 months,More than 3 months and up to 1 year,Total,Up to 1 month,More than 1 month and up to 3 months,More than 3 months and up to 1 year,Total,Up to 1 month,More than 1 month and up to 3 months,More than 3 months and up to 1 year,Total,Up to 1 month,More than 1 month and up to 3 months,More than 3 months and up to 1 year,Total,Up to 1 month,More than 1 month and up to 3 months,More than 3 months and up to 1 year,Total,Up to 1 month,More than 1 month and up to 3 months,More than 3 months and up to 1 year,Total,Up to 1 month,More than 1 month and up to 3 months,More than 3 months and up to 1 year,Total,Up to 1 month,More than 1 month and up to 3 months,More than 3 months and up to 1 year,Total,Up to 1 month,More than 1 month and up to 3 months,More than 3 months and up to 1 year,Total,Up to 1 month,More than 1 month and up to 3 months,More than 3 months and up to 1 year,Total,Up to 1 month,More than 1 month and up to 3 months,More than 3 months and up to 1 year,Total,Up to 1 month,More than 1 month and up to 3 months,More than 3 months and up to 1 year,Total,Up to 1 month,More than 1 month and up to 3 months,More than 3 months and up to 1 year,Total,Up to 1 month,More than 1 month and up to 3 months,More than 3 months and up to 1 year,Total,Up to 1 month,More than 1 month and up to 3 months,More than 3 months and up to 1 year,Total,Up to 1 month,More than 1 month and up to 3 months,More than 3 months and up to 1 year,,,,,,,,,,,,,,,,,,,,
,,,,,,,うち：本邦発行体分,,,,うち：海外拠点分,,うち：本邦内拠点分,,,,,,,,,,,,,,,,,,,,,,,,,,,,,,,,,,,,,,,,,,,,,,,,,,,,,,,,,,,,,,,,,,,,,,,,,,,,,,,,,,,,,,,,,,,,,,,,,,,,,,,,,,,,,,,,,,,,,,,,,,,,,,,,,
,,,,,,,of which: issuer headquartered in Japan,,,,of which: located abroad,,of which: located in Japan,,,,,,,,,,,,,,,,,,,,,,,,,,,,,,,,,,,,,,,,,,,,,,,,,,,,,,,,,,,,,,,,,,,,,,,,,,,,,,,,,,,,,,,,,,,,,,,,,,,,,,,,,,,,,,,,,,,,,,,,,,,,,,,,,
平成12年,4月,2000,Apr,338582,324109,252396,,71713,7619,43623,,20471,20471,5382,2427,6664,24.23,,,,,,,,,,,,,,,,,,,,,,,,,,,,,,-3372,-476,-463,-2433,-3372,-476,-463,-2433,,,,,,,,,,,,,,,,,,,,,,,,,,,,,,,,,,,,,,,,,,,,,,,,,,,,,,,,,,,,,,,,,,,,,,,,,,,,,,,,,,,,,,,338474,108
,5月,,May,341136,326694,255902,,70792,6395,43622,,20775,20775,5350,2496,6596,24.23,,,,,,,,,,,,,,,,,,,,,,,,,,,,,,-3279,-464,-150,-2665,-3279,-464,-150,-2665,,,,,,,,,,,,,,,,,,,,,,,,,,,,,,,,,,,,,,,,,,,,,,,,,,,,,,,,,,,,,,,,,,,,,,,,,,,,,,,,,,,,,,,,
,6月,,Jun,344846,329945,261435,,68510,5441,41212,,21857,21857,5421,2499,6981,24.23,,,,,,,,,,,,,,,,,,,,,,,,,,,,,,-3386,,-369,-3017,-3386,,-369,-3017,,,,,,,,,,,,,,,,,,,,,,,,,,,,,,,,,,,,,,,,,,,,,,,,,,,,,,,,,,,,,,,,,,,,,,,,,,,,,,,,,,,,,,,,
,7月,,Jul,344881,330430,262521,,67909,5306,40962,,21641,21641,5252,2406,6793,24.55,,,,,,,,,,,,,,,,,,,,,,,,,,,,,,-3856,-150,-723,-2983,-3856,-150,-723,-2983,,,,,,,,,,,,,,,,,,,,,,,,,,,,,,,,,,,,,,,,,,,,,,,,,,,,,,,,,,,,,,,,,,,,,,,,,,,,,,,,,,,,,,,,
,8月,,Aug,344853,330744,265356,,65388,5200,39657,,20531,20531,4855,2454,6800,24.55,,,,,,,,,,,,,,,,,,,,,,,,,,,,,,-4530,-204,-1002,-3324,-4530,-204,-1002,-3324,,,,,,,,,,,,,,,,,,,,,,,,,,,,,,,,,,,,,,,,,,,,,,,,,,,,,,,,,,,,,,,,,,,,,,,,,,,,,,,,,,,,,,,,
,9月,,Sep,348948,334971,267057,,67914,6507,40274,,21133,21133,4829,2430,6718,24.55,,,,,,,,,,,,,-1324,,-1324,,-1324,,-1324,,,,,,,,,,,-4622,-503,-798,-3321,-4622,-503,-798,-3321,,,,,,,,,,,,,,,,,,,,,,,,,,,,,,,,,,,,,,,,,,,,,,,,,,,,,,,,,,,,,,,,,,,,,,,,,,,,,,,,,,,,,,,,
,10月,,Oct,349055,335497,268914,,66583,6521,39499,,20563,20563,4723,2342,6493,24.55,,,,,,,,,,,,,-1273,,-1273,,-1273,,-1273,,,,,,,,,,,-4320,-501,-281,-3538,-4320,-501,-281,-3538,,,,,,,,,,,,,,,,,,,,,,,,,,,,,,,,,,,,,,,,,,,,,,,,,,,,,,,,,,,,,,,,,,,,,,,,,,,,,,,,,,,,,,,,
,11月,,Nov,354558,340844,273289,,67555,8113,39137,,20305,20305,4695,2413,6606,24.55,,,,,,,,,,,,,-2565,-1273,-1292,,-2565,-1273,-1292,,,,,,,,,,,-4033,-291,-750,-2992,-4033,-291,-750,-2992,,,,,,,,,,,,,,,,,,,,,,,,,,,,,,,,,,,,,,,,,,,,,,,,,,,,,,,,,,,,,,,,,,,,,,,,,,,,,,,,,,,,,,,,
,12月,,Dec,361638,347212,279544,,67668,8252,39125,,20291,20291,5253,2436,6737,24.55,,,,,,,,,,,,,-2719,,-2719,,-2719,,-2719,,,,,,,,,,,-3754,,-750,-3004,-3754,,-750,-3004,,,,,,,,,,,,,,,,,,,,,,,,,,,,,,,,,,,,,,,,,,,,,,,,,,,,,,,,,,,,,,,,,,,,,,,,,,,,,,,,,,,,,,,,
平成13年,1月,2001,Jan,364219,349896,281904,,67992,8092,39276,,20624,20624,5414,2416,6493,24.55,,,,,,,,,,,,,-2703,-1386,-1317,,-2703,-1386,-1317,,,,,,,,,,,-3745,-750,,-2995,-3745,-750,,-2995,,,,,,,,,,,,,,,,,,,,,,,,,,,,,,,,,,,,,,,,,,,,,,,,,,,,,,,,,,,,,,,,,,,,,,,,,,,,,,,,,,,,,,,,
,2月,,Feb,363690,349441,282327,,67114,6665,39475,,20974,20974,5227,2475,6547,24.55,,,,,,,,,,,,,-1298,-1298,,,-1298,-1298,,,,,,,,,,,,-2995,,-367,-2628,-2995,,-367,-2628,,,,,,,,,,,,,,,,,,,,,,,,,,,,,,,,,,,,,,,,,,,,,,,,,,,,,,,,,,,,,,,,,,,,,,,,,,,,,,,,,,,,,,,,
,3月,,Mar,361472,347801,281973,,65828,5175,39355,,21298,21298,4976,2369,6326,24.55,,,,,,,,,,,,,,,,,,,,,,,,,,,,,,-2993,,-912,-2081,-2993,,-912,-2081,,,,,,,,,,,,,,,,,,,,,,,,,,,,,,,,,,,,,,,,,,,,,,,,,,,,,,,,,,,,,,,,,,,,,,,,,,,,,,,,,,,,,,,361362,110
,4月,,Apr,362611,348891,283312,,65579,5703,38892,,20984,20984,4909,2351,6460,24.55,,,,,,,,,,,,,,,,,,,,,,,,,,,,,,-2988,-365,-1038,-1585,-2988,-365,-1038,-1585,,,,,,,,,,,,,,,,,,,,,,,,,,,,,,,,,,,,,,,,,,,,,,,,,,,,,,,,,,,,,,,,,,,,,,,,,,,,,,,,,,,,,,,,
,5月,,May,361904,347877,282069,,65808,5330,38921,,21557,21557,5060,2386,6581,24.6,,,,,,,,,,,,,,,,,,,,,,,,,,,,,,-3823,-550,-1356,-1917,-3823,-550,-1356,-1917,,,,,,,,,,,,,,,,,,,,,,,,,,,,,,,,,,,,,,,,,,,,,,,,,,,,,,,,,,,,,,,,,,,,,,,,,,,,,,,,,,,,,,,,
,6月,,Jun,362666,348583,284754,,63829,5344,37580,,20905,20905,5080,2346,6657,24.6,,,,,,,,,,,,,,,,,,,,,,,,,,,,,,-3353,-484,-1155,-1714,-3353,-484,-1155,-1714,,,,,,,,,,,,,,,,,,,,,,,,,,,,,,,,,,,,,,,,,,,,,,,,,,,,,,,,,,,,,,,,,,,,,,,,,,,,,,,,,,,,,,,,
,7月,,Jul,367676,353460,288305,,65155,5363,38040,,21752,21752,5304,2370,6542,24.6,,,,,,,,,,,,,,,,,,,,,,,,,,,,,,-2875,-877,-511,-1487,-2875,-877,-511,-1487,,,,,,,,,,,,,,,,,,,,,,,,,,,,,,,,,,,,,,,,,,,,,,,,,,,,,,,,,,,,,,,,,,,,,,,,,,,,,,,,,,,,,,,,
,8月,,Aug,372217,357626,290821,,66805,5412,38556,,22837,22837,5402,2473,6716,24.6,,,,,,,,,,,,,,,,,,,,,,,,,,,,,,-2517,-157,-247,-2113,-2517,-157,-247,-2113,,,,,,,,,,,,,,,,,,,,,,,,,,,,,,,,,,,,,,,,,,,,,,,,,,,,,,,,,,,,,,,,,,,,,,,,,,,,,,,,,,,,,,,,
,9月,,Sep,397015,380673,302774,,77899,9046,42546,,26307,26307,6656,2475,7211,24.6,,,,,,,,,,,,,,,,,,,,,,,,,,,,,,-2643,-46,-200,-2397,-2643,-46,-200,-2397,,,,,,,,,,,,,,,,,,,,,,,,,,,,,,,,,,,,,,,,,,,,,,,,,,,,,,,,,,,,,,,,,,,,,,,,,,,,,,,,,,,,,,,,
,10月,,Oct,405701,390029,320371,,69658,5579,39841,,24238,24238,6424,2390,6858,24.6,,,,,,,,,,,,,,,,,,,,,,,,,,,,,,-2809,-200,,-2609,-2809,-200,,-2609,,,,,,,,,,,,,,,,,,,,,,,,,,,,,,,,,,,,,,,,,,,,,,,,,,,,,,,,,,,,,,,,,,,,,,,,,,,,,,,,,,,,,,,,
,11月,,Nov,403880,388567,324317,,64250,5549,36528,,22173,22173,6119,2416,6778,24.6,,,,,,,,,,,,,,,,,,,,,,,,,,,,,,-3111,,,-3111,-3111,,,-3111,,,,,,,,,,,,,,,,,,,,,,,,,,,,,,,,,,,,,,,,,,,,,,,,,,,,,,,,,,,,,,,,,,,,,,,,,,,,,,,,,,,,,,,,
,12月,,Dec,401959,387727,322905,,64822,5565,36209,,23048,23048,5051,2378,6803,24.6,,,,,,,,,,,,,,,,,,,,,,,,,,,,,,-3273,,,-3273,-3273,,,-3273,,,,,,,,,,,,,,,,,,,,,,,,,,,,,,,,,,,,,,,,,,,,,,,,,,,,,,,,,,,,,,,,,,,,,,,,,,,,,,,,,,,,,,,,
平成14年,1月,2002,Jan,400877,386681,320589,,66092,5537,36208,,24347,24347,4992,2258,6946,24.6,,,,,,,,,,,,,,,,,,,,,,,,,,,,,,-3640,,,-3640,-3640,,,-3640,,,,,,,,,,,,,,,,,,,,,,,,,,,,,,,,,,,,,,,,,,,,,,,,,,,,,,,,,,,,,,,,,,,,,,,,,,,,,,,,,,,,,,,,
,2月,,Feb,403486,387770,324088,,63682,5565,34815,,23302,23302,6120,2293,7303,24.6,,,,,,,,,,,,,,,,,,,,,,,,,,,,,,-3652,,-1200,-2452,-3652,,-1200,-2452,,,,,,,,,,,,,,,,,,,,,,,,,,,,,,,,,,,,,,,,,,,,,,,,,,,,,,,,,,,,,,,,,,,,,,,,,,,,,,,,,,,,,,,,
,3月,,Mar,401518,385675,327576,,58099,5814,31505,,20780,20780,6125,2303,7415,24.6,,,,,,,,,,,,,,,,,,,,,,,,,,,,,,-3824,,-1289,-2535,-3824,,-1289,-2535,,,,,,,,,,,,,,,,,,,,,,,,,,,,,,,,,,,,,,,,,,,,,,,,,,,,,,,,,,,,,,,,,,,,,,,,,,,,,,,,,,,,,,,401401,117
,4月,,Apr,406700,391112,330477,,60635,5887,32406,,22342,22342,5681,2325,7582,24.6,,,,,,,,,,,,,,,,,,,,,,,,,,,,,,-3876,-1200,-93,-2583,-3876,-1200,-93,-2583,,,,,,,,,,,,,,,,,,,,,,,,,,,,,,,,,,,,,,,,,,,,,,,,,,,,,,,,,,,,,,,,,,,,,,,,,,,,,,,,,,,,,,,,
,5月,,May,419652,403332,337366,,65966,8939,33141,,23886,23886,5910,2375,8035,24.6,,,,,,,,,,,,,,,,,,,,,,,,,,,,,,-2986,-95,-835,-2056,-2986,-95,-835,-2056,,,,,,,,,,,,,,,,,,,,,,,,,,,,,,,,,,,,,,,,,,,,,,,,,,,,,,,,,,,,,,,,,,,,,,,,,,,,,,,,,,,,,,,,
,6月,,Jun,446198,428850,363384,,65466,8710,32496,,24260,24260,7073,2439,7836,24.6,,,,,,,,,,,,,,,,,,,,,,,,,,,,,,-3381,-101,-1165,-2115,-3381,-101,-1165,-2115,,,,,,,,,,,,,,,,,,,,,,,,,,,,,,,,,,,,,,,,,,,,,,,,,,,,,,,,,,,,,,,,,,,,,,,,,,,,,,,,,,,,,,,,
,7月,,Jul,453091,436180,369664,,66516,8726,33120,,24670,24670,7034,2382,7495,24.6,,,,,,,,,,,,,,,,,,,,,,,,,,,,,,-4393,-858,-511,-3024,-4393,-858,-511,-3024,,,,,,,,,,,,,,,,,,,,,,,,,,,,,,,,,,,,,,,,,,,,,,,,,,,,,,,,,,,,,,,,,,,,,,,,,,,,,,,,,,,,,,,,
,8月,,Aug,456069,438988,371760,,67228,8825,33225,,25178,25178,6946,2439,7696,24.6,,,,,,,,,,,,,,,,,,,,,,,,,,,,,,-3645,-293,-724,-2628,-3645,-293,-724,-2628,,,,,,,,,,,,,,,,,,,,,,,,,,,,,,,,,,,,,,,,,,,,,,,,,,,,,,,,,,,,,,,,,,,,,,,,,,,,,,,,,,,,,,,,
,9月,,Sep,460725,443096,375762,,67334,8696,33605,,25033,25033,7235,2430,7964,24.6,,,,,,,,,,,,,,,,,,,,,,,,,,,,,,-3663,-220,-692,-2751,-3663,-220,-692,-2751,,,,,,,,,,,,,,,,,,,,,,,,,,,,,,,,,,,,,,,,,,,,,,,,,,,,,,,,,,,,,,,,,,,,,,,,,,,,,,,,,,,,,,,,
,10月,,Oct,460975,443582,375803,,67779,5974,34754,,27051,27051,7169,2428,7796,24.6,,,,,,,,,,,,,,,,,,,,,,,,,,,,,,-3842,-500,-648,-2694,-3842,-500,-648,-2694,,,,,,,,,,,,,,,,,,,,,,,,,,,,,,,,,,,,,,,,,,,,,,,,,,,,,,,,,,,,,,,,,,,,,,,,,,,,,,,,,,,,,,,,
,11月,,Nov,460472,443062,378694,,64368,5849,33128,,25391,25391,7085,2475,7850,24.6,,,,,,,,,,,,,,,,,,,,,,,,,,,,,,-3542,-193,-458,-2891,-3542,-193,-458,-2891,,,,,,,,,,,,,,,,,,,,,,,,,,,,,,,,,,,,,,,,,,,,,,,,,,,,,,,,,,,,,,,,,,,,,,,,,,,,,,,,,,,,,,,,
,12月,,Dec,469728,451458,387743,,63715,4622,33348,,25745,25745,7203,2525,8542,24.6,,,,,,,,,,,,,,,,,,,,,,,,,,,,,,-3784,-483,-180,-3121,-3784,-483,-180,-3121,,,,,,,,,,,,,,,,,,,,,,,,,,,,,,,,,,,,,,,,,,,,,,,,,,,,,,,,,,,,,,,,,,,,,,,,,,,,,,,,,,,,,,,,
平成15年,1月,2003,Jan,478593,459838,392291,,67547,6081,34761,,26705,26705,7191,2522,9042,24.6,,,,,,,,,,,,,,,,,,,,,,,,,,,,,,-3350,,-185,-3165,-3350,,-185,-3165,,,,,,,,,,,,,,,,,,,,,,,,,,,,,,,,,,,,,,,,,,,,,,,,,,,,,,,,,,,,,,,,,,,,,,,,,,,,,,,,,,,,,,,,
,2月,,Feb,485265,467074,398602,,68472,6433,35061,,26978,26978,7101,2542,8548,24.6,,,,,,,,,,,,,,,,,,,,,,,,,,,,,,-3349,-188,-250,-2911,-3349,-188,-250,-2911,,,,,,,,,,,,,,,,,,,,,,,,,,,,,,,,,,,,,,,,,,,,,,,,,,,,,,,,,,,,,,,,,,,,,,,,,,,,,,,,,,,,,,,,
,3月,,Mar,496181,477778,409548,,68230,6553,34544,,27133,27133,7623,2542,8238,24.6,,,,,,,,,,,,,,,,,,,,,,,,,,,,,,-4884,,-567,-4317,-4884,,-567,-4317,,,,,,,,,,,,,,,,,,,,,,,,,,,,,,,,,,,,,,,,,,,,,,,,,,,,,,,,,,,,,,,,,,,,,,,,,,,,,,,,,,,,,,,496033,148
,4月,,Apr,499442,480991,409298,,71693,7834,35342,,28517,28517,7674,2492,8285,24.6,,,,,,,,,,,,,,,,,,,,,,,,,,,,,,-4925,-250,-1559,-3116,-4925,-250,-1559,-3116,,,,,,,,,,,,,,,,,,,,,,,,,,,,,,,,,,,,,,,,,,,,,,,,,,,,,,,,,,,,,,,,,,,,,,,,,79,-2662,,,2741,,,,,,,,,,,
,5月,,May,543088,523791,441832,,81959,7503,40327,,34129,34129,7813,2593,8891,24.6,,,,,,,,,,,,,,,,,,,,,,,,,,,,,,-4803,-327,-1396,-3080,-4803,-327,-1396,-3080,,,,,,,,,,,,,,,,,,,,,,,,,,,,,,,,,,,,,,,,,,,,,,,,,,,,,,,,,,,,,,,,,,,,,,,,,125,-4122,,,4247,,,,,,,,,,,
,6月,,Jun,545618,526573,443630,,82943,7348,40818,,34777,34777,7985,2547,8513,24.6,,,,,,,,,,,,,,,,,,,,,,,,,,,,,,-5220,-1265,-444,-3511,-5220,-1265,-444,-3511,,,,,,,,,,,,,,,,,,,,,,,,,,,,,,,,,,,,,,,,,,,,,,,,,,,,,,,,,,,,,,,,,,,,,,,,,95,-3279,,,3374,,,,,,,,,,,
,7月,,Jul,556836,537658,442151,,95507,6905,47398,,41204,41204,7923,2528,8727,24.6,,,,,,,,,,,,,,,,,,,,,,,,,,,,,,-4668,-109,-741,-3818,-4668,-109,-741,-3818,,,,,,,,,,,,,,,,,,,,,,,,,,,,,,,,,,,,,,,,,,,,,,,,,,,,,,,,,,,,,,,,,,,,,,,,,170,-4762,,,4932,,,,,,,,,,,
,8月,,Aug,555088,535507,443400,,92107,5895,46094,,40118,40118,7839,2501,9241,24.6,,,,,,,,,,,,,,,,,,,,,,,,,,,,,,-4631,-321,-609,-3701,-4631,-321,-609,-3701,,,,,,,,,,,,,,,,,,,,,,,,,,,,,,,,,,,,,,,,,,,,,,,,,,,,,,,,,,,,,,,,,,,,,,,,,145,-4954,,,5099,,,,,,,,,,,
,9月,,Sep,604873,584119,467159,,116960,9896,56519,,50545,50545,8577,2631,9546,24.6,,,,,,,,,,,,,,,,,,,,,,,,,,,,,,-5139,-418,-557,-4163,-5139,-418,-557,-4163,,,,,,,,,,,,,,,,,,,,,,,,,,,,,,,,,,,,,,,,,,,,,,,,,,,,,,,,,,,,,,,,,,,,,,,,,121,-5308,,,5429,,,,,,,,,,,
,10月,,Oct,626269,605683,483889,,121794,5993,60609,,55192,55192,8450,2633,9503,24.6,,,,,,,,,,,,,,,,,,,,,,,,,,,,,,-5555,-200,-355,-5000,-5555,-200,-355,-5000,,,,,,,,,,,,,,,,,,,,,,,,,,,,,,,,,,,,,,,,,,,,,,,,,,,,,,,,,,,,,,,,,,,,,,,,,158,-6935,,,7093,,,,,,,,,,,
,11月,,Nov,644569,623784,505186,,118598,6162,57143,,55293,55293,8306,2679,9800,24.6,,,,,,,,,,,,,,,,,,,,,,,,,,,,,,-5692,-367,,-5324,-5692,-367,,-5324,,,,,,,,,,,,,,,,,,,,,,,,,,,,,,,,,,,,,,,,,,,,,,,,,,,,,,,,,,,,,,,,,,,,,,,,,165,-7553,,,7718,,,,,,,,,,,
,12月,,Dec,673529,652790,525967,,126823,6826,57863,,62134,62134,7733,2765,10241,24.6,,,,,,,,,,,,,,,,,,,,,,,,,,,,,,-5682,,-1808,-3874,-5682,,-1808,-3874,,,,,,,,,,,,,,,,,,,,,,,,,,,,,,,,,,,,,,,,,,,,,,,,,,,,,,,,,,,,,,,,,,,,,,,,,187,-6065,,,6252,,,,,,,,,,,
平成16年,1月,2004,Jan,741246,720945,556401,,164544,6243,67818,,90483,90483,7709,2757,9835,24.6,,,,,,,,,,,,,,,,,,,,,,,,,,,,,,-6237,,-1806,-4431,-6237,,-1806,-4431,,,,,,,,,,,,,,,,,,,,,,,,,,,,,,,,,,,,,,,,,,,,,,,,,,,,,,,,,,,,,,,,,,,,,,,,,138,-8708,,,8846,,,,,,,,,,,
,2月,,Feb,776857,756593,584195,,172398,8301,68489,,95608,95608,7739,2787,9738,24.6,,,,,,,,,,,,,,,,,,,,,,,,,,,,,,-6984,-1811,,-5173,-6984,-1811,,-5173,,,,,,,,,,,,,,,,,,,,,,,,,,,,,,,,,,,,,,,,,,,,,,,,,,,,,,,,,,,,,,,,,,,,,,,,,173,-8608,,,8781,,,,,,,,,,,
,3月,,Mar,826577,806019,625782,,180237,6652,71174,,102411,102411,7404,2729,10425,24.6,,,,,,,,,,,,,,,,,,,,,,,,,,,,,,-5300,,-800,-4500,-5300,,-800,-4500,,,,,,,,,,,,,,,,,,,,,,,,,,,,,,,,,,,,,,,,,,,,,,,,,,,,,,,,,,,,,,,,,,,,,,,,,164,-8003,,,8167,,,,,,,,,,826420,157
,4月,,Apr,814969,795474,623744,,171730,6587,67980,,97163,97163,7261,2676,9558,24.6,,,,,,,,,,,,,,,,,,,,,,,,,,,,,,-6036,,-1550,-4486,-6036,,-1550,-4486,,,,,,,,,,,,,,,,,,,,,,,,,,,,,,,,,,,,,,,,,,,,,,,,,,,,,,,,,,,,,,,,,,,,,,,,,281,-6480,,,6761,,,,,,,,,,,
,5月,,May,816848,797149,637811,,159338,7680,60611,,91047,91047,7346,2678,9675,24.6,,,,,,,,,,,,,,,,,,,,,,,,,,,,,,-6390,-800,-869,-4721,-6390,-800,-869,-4721,,,,,,,,,,,,,,,,,,,,,,,,,,,,,,,,,,,,,,,,,,,,,,,,,,,,,,,,,,,,,,,,,,,,,,,,,272,-11572,,,11844,,,,,,,,,,,
,6月,,Jun,817951,798613,658107,,140506,6308,51690,,82508,82508,6928,2673,9737,24.6,,,,,,,,,,,,,,,,,,,,,,,,,,,,,,-6702,-750,-870,-5082,-6702,-750,-870,-5082,,,,,,,,,,,,,,,,,,,,,,,,,,,,,,,,,,,,,,,,,,,,,,,,,,,,,,,,,,,,,,,,,,,,,,,,,289,-13214,,,13503,,,,,,,,,,,
,7月,,Jul,819203,800059,661824,,138235,6289,50307,,81639,81639,6888,2627,9629,24.6,,,,,,,,,,,,,,,,,,,,,,,,,,,,,,-6940,-150,-1450,-5340,-6940,-150,-1450,-5340,,,,,,,,,,,,,,,,,,,,,,,,,,,,,,,,,,,,,,,,,,,,,,,,,,,,,,,,,,,,,,,,,,,,,,,,,297,-13596,,,13893,,,,,,,,,,,
,8月,,Aug,827954,808372,686685,,121687,6368,45948,,69371,69371,6896,2667,10019,24.6,,,,,,,,,,,,,,,,,,,,,,,,,,,,,,-6742,-750,-1154,-4838,-6742,-750,-1154,-4838,,,,,,,,,,,,,,,,,,,,,,,,,,,,,,,,,,,,,,,,,,,,,,,,,,,,,,,,,,,,,,,,,,,,,,,,,492,-12834,,,13326,,,,,,,,,,,
,9月,,Sep,830992,811165,688612,,122553,6359,45748,,70446,70446,6919,2682,10226,24.6,,,,,,,,,,,,,,,,,,,,,,,,,,,,,,-6875,-957,-500,-5417,-6875,-957,-500,-5417,,,,,,,,,,,,,,,,,,,,,,,,,,,,,,,,,,,,,,,,,,,,,,,,,,,,,,,,,,,,,,,,,,,,,,,,,287,-12999,,,13286,,,,,,,,,,,
,10月,,Oct,837878,817670,696422,,121248,6502,45340,,69406,69406,7034,2704,10470,24.6,,,,,,,,,,,,,,,,,,,,,,,,,,,,,,-5966,-200,-1587,-4179,-5966,-200,-1587,-4179,,,,,,,,,,,,,,,,,,,,,,,,,,,,,,,,,,,,,,,,,,,,,,,,,,,,,,,,,,,,,,,,,,,,,,,,,277,-12492,,,12769,,,,,,,,,,,
,11月,,Nov,840087,819141,696275,,122866,6420,46513,,69933,69933,6982,2809,11155,24.6,,,,,,,,,,,,,,,,,,,,,,,,,,,,,,-5845,-300,-1338,-4207,-5845,-300,-1338,-4207,,,,,,,,,,,,,,,,,,,,,,,,,,,,,,,,,,,,,,,,,,,,,,,,,,,,,,,,,,,,,,,,,,,,,,,,,446,-12392,,,12838,,,,,,,,,,,
,12月,,Dec,844543,824264,699398,,124866,7005,46473,,71388,71388,6701,2802,10776,24.6,,,,,,,,,,,,,,,,,,,,,,,,,,,,,,-5548,-582,-926,-4040,-5548,-582,-926,-4040,,,,,,,,,,,,,,,,,,,,,,,,,,,,,,,,,,,,,,,,,,,,,,,,,,,,,,,,,,,,,,,,,,,,,,,,,333,-12481,,,12814,,,,,,,,,,,
平成17年,1月,2005,Jan,840966,821203,696978,,124225,3630,45206,,75389,75389,6631,2746,10386,24.6,,,,,,,,,,,,,,,,,,,,,,,,,,,,,,-4929,-745,-960,-3225,-4929,-745,-960,-3225,,,,,,,,,,,,,,,,,,,,,,,,,,,,,,,,,,,,,,,,,,,,,,,,,,,,,,,,,,,,,,,,,,,,,,,,,358,-13406,,,13764,,,,,,,,,,,
,2月,,Feb,840564,820481,696633,,123848,3619,43155,,77074,77074,6562,2808,10713,24.6,,,,,,,,,,,,,,,,,,,,,,,,,,,,,,-4626,-164,-1100,-3363,-4626,-164,-1100,-3363,,,,,,,,,,,,,,,,,,,,,,,,,,,,,,,,,,,,,,,,,,,,,,,,,,,,,,,,,,,,,,,,,,,,,,,,,397,-12255,,,12652,,,,,,,,,,,
,3月,,Mar,837718,818555,696133,,122422,3563,41954,,76905,76905,5913,2732,10518,24.6,,,,,,,,,,,,,,,,,,,,,,,,,,,,,,-4897,-800,-1425,-2672,-4897,-800,-1425,-2672,,,,,,,,,,,,,,,,,,,,,,,,,,,,,,,,,,,,,,,,,,,,,,,,,,,,,,,,,,,,,,,,,,,,,,,,,352,-12122,,,12474,,,,,,,,,,837718,
,4月,,Apr,843601,824207,702307,,121900,5180,40073,,76647,76647,5937,2738,10719,24.6,,,,,,,,,,,,,,,,,,,,,,,,,,,,,,-4346,-300,-2059,-1987,-4346,-300,-2059,-1987,,,,,,,,,,,,,,,,,,,,,,,,,,,,,,,,,,,,,,,,,,,,,,,,,,,,,,,,,,,,,,,,,,,,,,,,,352,-14427,,,14779,,,,,,,,,,,
,5月,,May,842468,823864,700685,,123179,6674,42659,,73846,73846,5721,2687,10196,24.6,,,,,,,,,,,,,,,,,,,,,,,,,,,,,,-4022,-1120,-926,-1976,-4022,-1120,-926,-1976,,,,,,,,,,,,,,,,,,,,,,,,,,,,,,,,,,,,,,,,,,,,,,,,,,,,,,,,,,,,,,,,,,,,,,,,,407,-17910,,,18317,,,,,,,,,,,
,6月,,Jun,843537,824967,703650,,121317,7195,41519,,72603,72603,5193,2623,10754,24.6,,,,,,,,,,,,,,,,,,,,,,,,,,,,,,-3192,-922,,-2271,-3192,-922,,-2271,,,,,,,,,,,,,,,,,,,,,,,,,,,,,,,,,,,,,,,,,,,,,,,,,,,,,,,,,,,,,,,,,,,,,,,,,487,-21928,,,22415,,,,,,,,,,,
,7月,,Jul,839378,821675,700132,,121543,7653,41842,,72048,72048,4534,2615,10554,24.6,,,,,,,,,,,,,,,,,,,,,,,,,,,,,,-2270,,-854,-1416,-2270,,-854,-1416,,,,,,,,,,,,,,,,,,,,,,,,,,,,,,,,,,,,,,,,,,,,,,,,,,,,,,,,,,,,,,,,,,,,,,,,,534,-22287,,,22821,,,,,,,,,,,
,8月,,Aug,847766,829881,707373,,122508,7918,40349,,74241,74241,4559,2667,10659,24.6,,,,,,,,,,,,,,,,,,,,,,,,,,,,,,-2276,,-856,-1420,-2276,,-856,-1420,,,,,,,,,,,,,,,,,,,,,,,,,,,,,,,,,,,,,,,,,,,,,,,,,,,,,,,,,,,,,,,,,,,,,,,,,552,-26629,,,27181,,,,,,,,,,,
,9月,,Sep,843563,824855,703348,,121507,7485,41319,,72703,72703,4441,2624,11643,24.6,,,,,,,,,,,,,,,,,,,,,,,,,,,,,,-2570,-853,,-1717,-2570,-853,,-1717,,,,,,,,,,,,,,,,,,,,,,,,,,,,,,,,,,,,,,,,,,,,,,,,,,,,,,,,,,,,,,,,,,,,,,,,,643,-24809,,,25452,,,,,,,,,,,
,10月,,Oct,841792,823176,700393,,122783,8541,40871,,73371,73371,4430,2605,11581,24.6,,,,,,,,,,,,,,,,,,,,,,,,,,,,,,-2483,,,-2483,-2483,,,-2483,,,,,,,,,,,,,,,,,,,,,,,,,,,,,,,,,,,,,,,,,,,,,,,,,,,,,,,,,,,,,,,,,,,,,,,,,558,-24458,,,25016,,,,,,,,,,,
,11月,,Nov,843268,824269,702081,,122188,7995,39999,,74194,74194,4205,2600,12194,24.6,,,,,,,,,,,,,,,,,,,,,,,,,,,,,,-2973,,-414,-2559,-2973,,-414,-2559,,,,,,,,,,,,,,,,,,,,,,,,,,,,,,,,,,,,,,,,,,,,,,,,,,,,,,,,,,,,,,,,,,,,,,,,,511,-22765,,,23276,,,,,,,,,,,
,12月,,Dec,846897,828813,706262,,122551,7866,39415,,75270,75270,2878,2585,12621,24.6,,,,,,,,,,,,,,,,,,,,,,,,,,,,,,-4233,,-864,-3369,-4233,,-864,-3369,,,,,,,,,,,,,,,,,,,,,,,,,,,,,,,,,,,,,,,,,,,,,,,,,,,,,,,,,,,,,,,,,,,,,,,,,645,-27131,,,27776,,,,,,,,,,,
平成18年,1月,2006,Jan,851666,832846,710551,,122295,7531,40692,,74072,74072,2214,2613,13993,24.6,,,,,,,,,,,,,,,,,,,,,,,,,,,,,,-4255,-417,-700,-3138,-4255,-417,-700,-3138,,,,,,,,,,,,,,,,,,,,,,,,,,,,,,,,,,,,,,,,,,,,,,,,,,,,,,,,,,,,,,,,,,,,,,,,,657,-28647,,,29304,,,,,,,,,,,
,2月,,Feb,850058,831584,710183,,121401,8173,36857,,76371,76371,2198,2597,13679,24.6,,,,,,,,,,,,,,,,,,,,,,,,,,,,,,-5081,-450,-250,-4381,-5081,-450,-250,-4381,,,,,,,,,,,,,,,,,,,,,,,,,,,,,,,,,,,,,,,,,,,,,,,,,,,,,,,,,,,,,,,,,,,,,,,,,759,-34665,,,35424,,,,,,,,,,,
,3月,,Mar,852030,832648,710210,,122438,7721,32053,,82664,82664,2140,2608,14318,24.6,316,,,316,,,,,,,,,,,,,,,,,,,,,,,,,,-4239,-250,-300,-3689,-4239,-250,-300,-3689,,,,,,,,,,,,,,,,,,,,,,,,,,,,,,,,,,,,,,,,,,,,,,,,,,,,,,,,,,,,,,,,,,,,,,,,,702,-31277,,,31979,,,,,,,,,,851822,208
,4月,,Apr,860242,839230,717457,,121773,7605,27631,,86537,86537,2185,2663,15844,24.6,320,,,320,,,,,,,,,,,,,,,,,,,,,,,,,,-4063,,-300,-3763,-4063,,-300,-3763,,,,,,,,,,,,,,,,,,,,,,,,,,,,,,,,,,,,,,,,,,,,,,,,,,,,,,,,,,,,,,,,,,,,,,,,,789,-35660,,,36449,,,,,,,,,,,
,5月,,May,864112,842802,719445,,123357,7962,23637,,91758,91758,2195,2730,16066,24.6,319,,,319,,,,,,,,,,,,,,,,,,,,,,,,,,-4585,-300,,-4285,-4585,-300,,-4285,,,,,,,,,,,,,,,,,,,,,,,,,,,,,,,,,,,,,,,,,,,,,,,,,,,,,,,,,,,,,,,,,,,,,,,,,953,-42746,,,43699,,,,,,,,,,,
,6月,,Jun,864878,844028,722148,,121880,7839,25143,,88898,88898,2735,2703,15094,24.6,318,,,318,,,,,,,,,,,,,,,,,,,,,,,,,,-4271,,-320,-3952,-4271,,-320,-3952,,,,,,,,,,,,,,,,,,,,,,,,,,,,,,,,,,,,,,,,,,,,,,,,,,,,,,,,,,,,,,,,,,,,,,,,,1045,-48964,,,50009,,,,,,,,,,,
,7月,,Jul,871938,850600,727440,,123160,7949,25803,,89408,89408,2744,2711,15561,24.6,322,,,322,,,,,,,,,,,,,,,,,,,,,,,,,,-5108,,-1091,-4017,-5108,,-1091,-4017,,,,,,,,,,,,,,,,,,,,,,,,,,,,,,,,,,,,,,,,,,,,,,,,,,,,,,,,,,,,,,,,,,,,,,,,,1003,-48031,,,49034,,,,,,,,,,,
,8月,,Aug,878748,857862,735459,,122403,7526,25880,,88997,88993,2469,2751,15340,24.6,326,,,326,,,,,,,,,,,,,,,,,,,,,,,,,,-5133,-320,-1272,-3540,-5133,-320,-1272,-3540,,,,,,,,,,,,,,,,,,,,,,,,,,,,,,,,,,,,,,,,,,,,,,,,,,,,,,,,,,,,,,,,,,,,,,,,,1085,-52752,,,53837,,,,,,,,,,,
,9月,,Sep,881273,861107,737906,,123201,7487,25858,,89856,89856,2365,2728,14743,24.6,330,,,330,,,,,,,,,,,,,,,,,,,,,,,,,,-6034,-770,-1781,-3484,-6034,-770,-1781,-3484,,,,,,,,,,,,,,,,,,,,,,,,,,,,,,,,,,,,,,,,,,,,,,,,,,,,,,,,,,,,,,,,,,,,,,,,,1278,-59823,,,61101,,,,,,,,,,,
,10月,,Oct,885554,865581,740946,,124635,7793,26213,,90629,90616,2050,2735,14854,24.6,334,,,334,,,,,,,,,,,,,,,,,,,,,,,,,,-5299,-500,-1286,-3513,-5299,-500,-1286,-3513,,,,,,,,,,,,,,,,,,,,,,,,,,,,,,,,,,,,,,,,,,,,,,,,,,,,,,,,,,,,,,,,,,,,,,,,,1222,-59008,,,60230,,,,,,,,,,,
,11月,,Nov,896949,875945,750989,,124956,6863,26434,,91659,91655,1937,2818,15911,24.6,338,,,338,,,,,,,,,,,,,,,,,,,,,,,,,,-4967,-1295,-966,-2706,-4967,-1295,-966,-2706,,,,,,,,,,,,,,,,,,,,,,,,,,,,,,,,,,,,,,,,,,,,,,,,,,,,,,,,,,,,,,,,,,,,,,,,,1238,-59211,,,60449,,,,,,,,,,,
,12月,,Dec,895320,874596,749291,,125305,6533,26027,,92745,92745,1933,2812,15639,24.6,340,,,340,,,,,,,,,,,,,,,,,,,,,,,,,,-4337,,-964,-3374,-4337,,-964,-3374,,,,,,,,,,,,,,,,,,,,,,,,,,,,,,,,,,,,,,,,,,,,,,,,,,,,,,,,,,,,,,,,,,,,,,,,,1295,-59026,,,60321,,,,,,,,,,,
平成19年,1月,2007,Jan,895383,874532,749006,,125526,6032,25832,,93662,93658,1738,2769,16004,24.6,340,,,340,,,,,,,,,,,,,,,,,,,,,,,,,,-4306,-963,,-3343,-4306,-963,,-3343,,,,,,,,,,,,,,,,,,,,,,,,,,,,,,,,,,,,,,,,,,,,,,,,,,,,,,,,,,,,,,,,,,,,,,,,,1259,-58177,,,59436,,,,,,,,,,,
,2月,,Feb,905048,884033,758231,,125802,6109,25856,,93837,93828,1506,2824,16341,24.6,344,,,344,,,,,,,,,,,,,,,,,,,,,,,,,,-3379,,-504,-2874,-3379,,-504,-2874,,,,,,,,,,,,,,,,,,,,,,,,,,,,,,,,,,,,,,,,,,,,,,,,,,,,,,,,,,,,,,,,,,,,,,,,,1231,-56832,,,58063,,,,,,,,,,,
,3月,,Mar,908958,887983,762305,,125678,5863,25773,,94042,94042,1512,2835,16281,24.6,347,,,347,,,,,,,,,,,,,,,,,,,,,,,,,,-3530,,-509,-3021,-3530,,-509,-3021,,,,,,,,,,,,,,,,,,,,,,,,,,,,,,,,,,,,,,,,,,,,,,,,,,,,,,,,,,,,,,,,,,,,,,,,,1225,-57787,,,59012,,,,,,,,,,908727,231
,4月,,Apr,915623,894277,768632,,125645,6700,25913,,93032,93012,1492,2849,16656,24.6,349,,,349,,,,,,,,,,,,,,,,,,,,,,,,,,-3581,-520,-853,-2208,-3581,-520,-853,-2208,,,,,,,,,,,,,,,,,,,,,,,,,,,,,,,,,,,,,,,,,,,,,,,,,,,,,,,,,,,,,,,,,,,,,,,,,1266,-60261,,,61527,,,,,,,,,,,
,5月,,May,911137,890119,765180,,124939,6079,25812,,93048,93038,1582,2870,16216,24.6,350,,,350,,,,,,,,,,,,,,,,,,,,,,,,,,-3532,,-847,-2685,-3532,,-847,-2685,,,,,,,,,,,,,,,,,,,,,,,,,,,,,,,,,,,,,,,,,,,,,,,,,,,,,,,,,,,,,,,,,,,,,,,,,1278,-59653,,,60931,,,,,,,,,,,
,6月,,Jun,913572,892761,768407,,124354,5982,25971,,92401,92401,1585,2875,16004,24.6,347,,,347,,,,,,,,,,,,,,,,,,,,,,,,,,-4306,-849,-1299,-2159,-4306,-849,-1299,-2159,,,,,,,,,,,,,,,,,,,,,,,,,,,,,,,,,,,,,,,,,,,,,,,,,,,,,,,,,,,,,,,,,,,,,,,,,1274,-60067,,,61341,,,,,,,,,,,
,7月,,Jul,923718,902538,778582,,123956,5967,25365,,92624,92624,1571,2886,16373,24.6,350,,,350,,,,,,,,,,,,,,,,,,,,,,,,,,-4168,,-1309,-2860,-4168,,-1309,-2860,,,,,,,,,,,,,,,,,,,,,,,,,,,,,,,,,,,,,,,,,,,,,,,,,,,,,,,,,,,,,,,,,,,,,,,,,1327,-62417,,,63744,,,,,,,,,,,
,8月,,Aug,932157,910867,785602,,125265,6411,25458,,93396,93384,1490,2917,16533,24.6,350,,,350,,,,,,,,,,,,,,,,,,,,,,,,,,-4149,-1304,-70,-2774,-4149,-1304,-70,-2774,,,,,,,,,,,,,,,,,,,,,,,,,,,,,,,,,,,,,,,,,,,,,,,,,,,,,,,,,,,,,,,,,,,,,,,,,1360,-65486,,,66846,,,,,,,,,,,
,9月,,Sep,945601,922538,797037,,125501,6156,25328,,94017,94017,1466,2962,18279,24.6,356,,,356,,,,,,,,,,,,,,,,,,,,,,,,,,-2955,,-805,-2150,-2955,,-805,-2150,,,,,,,,,,,,,,,,,,,,,,,,,,,,,,,,,,,,,,,,,,,,,,,,,,,,,,,,,,,,,,,,,,,,,,,,,1421,-67516,,,68937,,,,,,,,,,,
,10月,,Oct,954484,930259,804839,,125420,6151,24237,,95032,95002,1448,2991,19423,24.6,363,,,363,,,,,,,,,,,,,,,,,,,,,,,,,,-2993,-77,-741,-2175,-2993,-77,-741,-2175,,,,,,,,,,,,,,,,,,,,,,,,,,,,,,,,,,,,,,,,,,,,,,,,,,,,,,,,,,,,,,,,,,,,,,,,,1491,-69596,,,71087,,,,,,,,,,,
,11月,,Nov,970185,946089,820862,,125227,5928,24417,,94882,94866,1404,3053,19276,24.6,363,,,363,,,,,,,,,,,,,,,,,,,,,,,,,,-2942,-748,,-2193,-2942,-748,,-2193,,,,,,,,,,,,,,,,,,,,,,,,,,,,,,,,,,,,,,,,,,,,,,,,,,,,,,,,,,,,,,,,,,,,,,,,,1594,-75586,,,77180,,,,,,,,,,,
,12月,,Dec,973365,947987,823532,,124455,6988,25137,,92330,92298,1395,3034,20580,24.6,369,,,369,,,,,,,,,,,,,,,,,,,,,,,,,,-2188,,-141,-2047,-2188,,-141,-2047,,,,,,,,,,,,,,,,,,,,,,,,,,,,,,,,,,,,,,,,,,,,,,,,,,,,,,,,,,,,,,,,,,,,,,,,,1597,-75574,,,77171,,,,,,,,,,,
平成20年,1月,2008,Jan,996044,968482,844478,,124004,6184,25932,,91888,91869,1409,3063,22714,24.6,376,,,376,,,,,,,,,,,,,,,,,,,,,,,,,,-2224,,-148,-2076,-2224,,-148,-2076,,,,,,,,,,,,,,,,,,,,,,,,,,,,,,,,,,,,,,,,,,,,,,,,,,,,,,,,,,,,,,,,,,,,,,,,,1685,-79838,,,81523,,,,,,,,,,,
,2月,,Feb,1007981,979196,856769,,122427,6113,25766,,90548,90548,1390,3115,23901,24.6,379,,,379,,,,,,,,,,,,,,,,,,,,,,,,,,-2719,-154,-500,-2065,-2719,-154,-500,-2065,,,,,,,,,,,,,,,,,,,,,,,,,,,,,,,,,,,,,,,,,,,,,,,,,,,,,,,,,,,,,,,,,,,,,,,,,1635,-80989,,,82624,,,,,,,,,,,
,3月,,Mar,1015587,987665,866960,,120705,6406,26019,,88280,88257,1398,3180,22966,24.6,378,,,378,,,,,,,,,,,,,,,,,,,,,,,,,,-3001,,-1385,-1616,-3001,,-1385,-1616,,,,,,,,,,,,,,,,,,,,,,,,,,,,,,,,,,,,,,,,,,,,,,,,,,,,,,,,,,,,,,,,,,,,,,,,,1707,-82101,,,83808,,,,,,,,,,1015333,254
,4月,,Apr,1003836,977513,858761,,118752,6026,26282,,86444,86444,1380,3140,21428,24.6,375,,,375,,,,,,,,,,,,,,,,,,,,,,,,,,-2971,-500,-1657,-814,-2971,-500,-1657,-814,,,,,,,,,,,,,,,,,,,,,,,,,,,,,,,,,,,,,,,,,,,,,,,,,,,,,,,,,,,,,,,,,,,,,,,,,1815,-83207,,,85022,,,,,,,,,,,
,5月,,May,996975,970006,853511,,116495,6103,24983,,85409,85409,1658,3151,21792,24.6,368,,,368,,,,,,,,,,,,,,,,,,,,,,,,,,-3160,-872,-778,-1510,-3160,-872,-778,-1510,,,,,,,,,,,,,,,,,,,,,,,,,,,,,,,,,,,,,,,,,,,,,,,,,,,,,,,,,,,,,,,,,,,,,,,,,1937,-80180,,,82117,,,,,,,,,,,
,6月,,Jun,1001549,973451,859245,,114206,5974,23565,,84667,84667,1671,3176,22887,24.6,364,,,364,,,,,,,,,,,,,,,,,,,,,,,,,,-2308,-787,,-1521,-2308,-787,,-1521,,,,,,,,,,,,,,,,,,,,,,,,,,,,,,,,,,,,,,,,,,,,,,,,,,,,,,,,,,,,,,,,,,,,,,,,,1778,-84062,,,85840,,,,,,,,,,,
,7月,,Jul,1004658,976947,865267,,111680,6040,22857,,82783,82783,1605,3151,22585,24.6,370,,,370,,,,,,,,,,,,,,,,,,,,,,,,,,-1512,,,-1512,-1512,,,-1512,,,,,,,,,,,,,,,,,,,,,,,,,,,,,,,,,,,,,,,,,,,,,,,,,,,,,,,,,,,,,,,,,,,,,,,,,1593,-77408,,,79001,,,,,,,,,,,
,8月,,Aug,996741,971253,862287,,108966,5970,21593,,81403,81403,1554,3072,20494,24.6,368,,,368,,,,,,,,,,,,,,,,,,,,,,,,,,-1465,,,-1465,-1465,,,-1465,,,,,,,,,,,,,,,,,,,,,,,,,,,,,,,,,,,,,,,,,,,,,,,,,,,,,,,,,,,,,,,,,,,,,,,,,1701,-82457,,,84158,,,,,,,,,,,
,9月,,Sep,995890,969236,864223,,105013,6210,22553,,76250,76223,1484,3047,21761,24.6,362,,,362,29622,,,,,,,,-29700,-29700,,,-29700,-29700,,,,,,,,,,,,-1436,,,-1436,-1436,,,-1436,,,,,,,,,,,,,,,,,,,,,,,,,,,,,,,,,,,,,,,,,,,,,,,,,,,,,,,,,,,,,,,,,,,,,,,,,2048,-94620,,,96668,,,,,,,,,,,
,10月,,Oct,977723,955068,853022,,102046,6512,21674,,73860,73824,1418,2913,17979,24.6,345,,,345,70168,,,,,,,,-70448,-50249,-20199,,-70448,-50249,-20199,,,,,,,,,,,-1453,,,-1453,-1453,,,-1453,,,,,,,,,,,,,,,,,,,,,,,,,,,,,,,,,,,,,,,,,,,,,,,,,,,,,,,,,,,,,,,,,,,,,,,,,1964,-93179,,,95143,,,,,,,,,,,
,11月,,Nov,1002861,976907,878779,,98128,6498,21481,,70149,70149,2631,2942,20038,24.6,343,,,343,96990,,,,,,,,-97390,-32789,-64601,,-97390,-32789,-64601,,,,,,,,,,,-3046,,-381,-2665,-3046,,-381,-2665,,,,,,,,,,,,,,,,,,,,,,,,,,,,,,,,,,,,,,,,,,,,,,,,,,,,,,,,,,,,,,,,,,,,,,,,,1938,-95788,,,97726,,,,,,,,,,,
,12月,,Dec,1030647,1003300,908015,,95285,7128,21506,,66651,66608,2659,3033,21281,24.6,374,,,374,122716,,,,,,,,-123206,-92522,-30684,,-123206,-92522,-30684,,,,,,,,,,,-3277,,-737,-2540,-3277,,-737,-2540,,,,,,,,,,,,,,,,,,,,,,,,,,,,,,,,,,,,,,,,,,,,,,,,,,,,,,,,,,,,,,,,,,,,,,,,,2021,-96030,,,98051,,,,,,,,,,,
平成21年,1月,2009,Jan,1010958,982457,890773,,91684,6367,21157,,64160,64160,2575,2938,22622,24.6,366,,,366,84582,,,,,,,,-84802,-46588,-38214,,-84802,-46588,-38214,,,,,,,,,,,-3215,-384,-291,-2540,-3215,-384,-291,-2540,,,,,,,,,,,,,,,,,,,,,,,,,,,,,,,,,,,,,,,,,,,,,,,,,,,,,,,,,,,,,,,,,,,,,,,,,1988,-94063,,,96051,,,,,,,,,,,
,2月,,Feb,1009354,980145,892340,,87805,6354,21068,,60383,60383,2533,2897,23422,24.6,357,,,357,70994,,,,,,,,-71168,-29392,-41776,,-71168,-29392,-41776,,,,,,,,,,,-2828,-288,-700,-1840,-2828,-288,-700,-1840,,,,,,,,,,,,,,,,,,,,,,,,,,,,,,,,,,,,,,,,,,,,,,,,,,,,,,,,,,,,,,,,,,,,,,,,,1947,-89529,,,91476,,,,,,,,,,,
,3月,,Mar,1018549,989730,905526,,84204,7428,20897,,55879,55879,2954,2951,22548,24.6,366,,,366,66225,5200,,,,,,,-61170,-39006,-22164,,-61170,-39006,-22164,,,,,,,,,,,-2540,,-700,-1840,-2540,,-700,-1840,,,,,,,,,,,,,,,,,,,,,,,,,,,,,,,,,,,,,,,,,,,,,,,,,,,,,,,,,,,,,,,,,,,,,,,,,1725,-84087,,,85812,,,,,,,,,,1018307,242
,4月,,Apr,1011473,983225,902495,,80730,6822,20690,,53218,53218,3184,2957,21730,24.6,377,,,377,47510,7700,,,,,,,-39904,-29050,-10854,,-39904,-29050,-10854,,,,,,,,,,,-3140,-700,,-2440,-3140,-700,,-2440,,,,,,,,,,,,,,,,,,,,,,,,,,,,,,,,,,,,,,,,,,,,,,,,,,,,,,,,,,,,,,,,,,,,,,,,,1640,-77029,,,78669,,,,,,,,,,,
,5月,,May,1024012,992457,915331,,77126,6378,20283,,50465,50465,4112,3062,23999,24.6,382,,,382,32706,7700,,,,,,,-25060,-11450,-13610,,-25060,-11450,-13610,,,,,,,,,,,-3190,,,-3190,-3190,,,-3190,,,,,,,,,,,,,,,,,,,,,,,,,,,,,,,,,,,,,,,,,,,,,,,,,,,,,,,,,,,,,,,,,,,,,,,,,1499,-70600,,,72099,,,,,,,,,,,
,6月,,Jun,1019175,988498,914522,,73976,6680,19724,,47572,47572,4332,2971,22991,24.6,383,,,383,28164,10200,,,,,,,-17965,-12076,-5889,,-17965,-12076,-5889,,,,,,,,,,,-3190,,,-3190,-3190,,,-3190,,,,,,,,,,,,,,,,,,,,,,,,,,,,,,,,,,,,,,,,,,,,,,,,,,,,,,,,,,,,,,,,,,,,,,,,,1583,-73374,,,74957,,,,,,,,,,,
,7月,,Jul,1022657,991932,921286,,70646,6893,19063,,44690,44690,4262,2973,23101,24.6,389,,,389,21670,11500,1999,,,,,,-8132,-7660,-472,,-8132,-7660,-472,,,,,,,,,,,-3190,,-80,-3110,-3190,,-80,-3110,,,,,,,,,,,,,,,,,,,,,,,,,,,,,,,,,,,,,,,,,,,,,,,,,,,,,,,,,,,,,,,,,,,,,,,,,1592,-74289,,,75881,,,,,,,,,,,
,8月,,Aug,1042340,995685,928704,,66981,6618,18073,,42290,42290,4300,18458,23508,24.6,389,,,389,16859,12000,2662,,,,,,-2124,-1783,-341,,-2124,-1783,-341,,,,,,,,,,,-3190,,-1680,-1510,-3190,,-1680,-1510,,,,,,,,,,,,,,,,,,,,,,,,,,,,,,,,,,,,,,,,,,,,,,,,,,,,,,,,,,,,,,,,,,,,,,,,,1824,-83455,,,85279,,,,,,,,,,,
,9月,,Sep,1052598,1002242,938637,,63605,6704,17021,,39880,39880,4359,21101,24498,24.6,398,,,398,17760,13500,2693,,,,,,-1533,-1242,-291,,-1533,-1242,-291,,,,,,,,,,,-4469,-80,-1760,-2629,-4469,-80,-1760,-2629,,,,,,,,,,,,,,,,,,,,,,,,,,,,,,,,,,,,,,,,,,,,,,,,,,,,,,,,,,,,,,,,,,,,,,,,,2463,-104049,,,106512,,,,,,,,,,,
,10月,,Oct,1056769,1005235,946107,,59128,6511,15778,,36839,36839,4374,21174,25586,24.6,400,,,400,17165,13500,2703,,,,,,-937,-631,-306,,-937,-631,-306,,,,,,,,,,,-4391,-1600,-160,-2631,-4391,-1600,-160,-2631,,,,,,,,,,,,,,,,,,,,,,,,,,,,,,,,,,,,,,,,,,,,,,,,,,,,,,,,,,,,,,,,,,,,,,,,,3042,-118112,,,121154,,,,,,,,,,,
,11月,,Nov,1073712,1018414,962886,,55528,6468,14769,,34291,34291,4430,21536,28926,24.6,406,,,406,16691,13500,2737,,,,,,-416,-416,,,-416,-416,,,,,,,,,,,,-2801,-160,,-2641,-2801,-160,,-2641,,,,,,,,,,,,,,,,,,,,,,,,,,,,,,,,,,,,,,,,,,,,,,,,,,,,,,,,,,,,,,,,,,,,,,,,,2603,-109745,,,112348,,,,,,,,,,,
,12月,,Dec,1049397,996552,945058,,51494,6570,13849,,31075,30912,4313,20968,27161,24.6,403,,,403,16742,13500,2665,,,,,,-545,-545,,,-545,-545,,,,,,,,,,,,-2620,,,-2620,-2620,,,-2620,,,,,,,,,,,,,,,,,,,,,,,,,,,,,,,,,,,,,,,,,,,,,,,,,,,,,,,,,,,,,,,,,,,,,,,,,2463,-100996,,,103459,,,,,,,,,,,
平成22年,1月,2010,Jan,1053070,1001068,953723,,47345,6678,12365,,28302,28302,4276,20787,26533,24.6,406,,,406,16276,13500,2642,,,,,,-100,-100,,,-100,-100,,,,,,,,,,,,-2606,,-600,-2006,-2606,,-600,-2006,,,,,,,,,,,,,,,,,,,,,,,,,,,,,,,,,,,,,,,,,,,,,,,,,,,,,,,,,,,,,,,,,,,,,,,,,2526,-101847,,,104373,,,,,,,,,,,
,2月,,Feb,1051079,998715,955919,,42796,6443,11089,,25264,25264,4187,20503,27266,24.6,408,,,408,17903,13500,4359,,,,,,,,,,,,,,,,,,,,,,,-2600,,-1350,-1250,-2600,,-1350,-1250,,,,,,,,,,,,,,,,,,,,,,,,,,,,,,,,,,,,,,,,,,,,,,,,,,,,,,,,,,,,,,,,,,,,,,,,,2505,-101554,,,104059,,,,,,,,,,,
,3月,,Mar,1042715,990513,952812,,37701,6706,9838,,21157,21157,4034,20311,27444,24.6,413,,,413,19938,15600,4319,,,,,,,,,,,,,,,,,,,,,,,-3768,-600,-750,-2418,-3768,-600,-750,-2418,,,,,,,,,,,,,,,,,,,,,,,,,,,,,,,,,,,,,,,,,,,,,,,,,,,,,,,,,,,,,,,,,,,,,,,,,2540,-100902,,,103442,,,,,,,,,,1042445,270
,4月,,Apr,1046873,993237,960224,,33013,6583,8858,,17572,17572,3986,20216,29012,24.6,422,,,422,19918,15600,4300,,,,,,,,,,,,,,,,,,,,,,,-3162,-750,,-2412,-3162,-750,,-2412,,,,,,,,,,,,,,,,,,,,,,,,,,,,,,,,,,,,,,,,,,,,,,,,,,,,,,,,,,,,,,,,,,,,,,,,,2434,-90851,,,93285,,,,,,,,,,,
,5月,,May,1041318,987635,960016,,27619,6367,7268,,13984,13984,3829,19729,29708,24.6,417,,,417,20997,15600,5159,,,,,,-211,,-211,,-211,,-211,,,,,,,,,,,-3380,,,-3380,-3380,,,-3380,,,,,,,,,,,,,,,,,,,,,,,,,,,,,,,,,,,,,,,,,,,,,,,,,,,,,,,,,,,,,,,,,,,,,,,,,2352,-94619,,,96971,,,,,,,,,,,
,6月,,Jun,1050235,995675,972040,,23635,6567,6077,,10991,10991,3743,19791,30605,24.6,421,,,421,21017,15600,5176,,,,,,-214,,-214,,-214,,-214,,,,,,,,,,,-5880,,-1210,-4670,-5880,,-1210,-4670,,,,,,,,,,,,,,,,,,,,,,,,,,,,,,,,,,,,,,,,,,,,,,,,,,,,,,,,,,,,,,,,,,,,,,,,,2261,-91875,,,94136,,,,,,,,,,,
,7月,,Jul,1063513,1009761,987801,,21960,6529,5763,,9668,9668,4241,20321,28761,24.6,429,,,429,21956,15600,6109,,,,,,-215,-211,-4,,-215,-211,-4,,,,,,,,,,,-5904,,-1234,-4670,-5904,,-1234,-4670,,,,,,,,,,,,,,,,,,,,,,,,,,,,,,,,,,,,,,,,,,,,,,,,,,,,,,,,,,,,,,,,,,,,,,,,,2128,-84341,,,86469,,,,,,,,,,,
,8月,,Aug,1070145,1014685,993822,,20863,6544,5708,,8611,8611,4172,20198,30655,24.6,435,,,435,21714,15600,6068,,,,,,-4,-3,-1,,-4,-3,-1,,,,,,,,,,,-6847,-1226,,-5621,-6847,-1226,,-5621,,,,,,,,,,,,,,,,,,,,,,,,,,,,,,,,,,,,,,,,,,,,,,,,,,,,,,,,,,,,,,,,,,,,,,,,,2248,-86434,,,88682,,,,,,,,,,,
,9月,,Sep,1109591,1051474,1031682,,19792,6799,9561,,3432,3432,4686,20831,32156,24.6,444,,,444,23303,15600,7681,,,,,,-1,-1,,,-1,-1,,,,,,,,,,,,-5693,,,-5693,-5693,,,-5693,,,,,,,,,,,,,,,,,,,,,,,,,,,,,,,,,,,,,,,,,,,,,,,,,,,,,,,,,,,,,,,,,,,,,,,,,2457,-95656,,,98113,,,,,,,,,,,
,10月,,Oct,1118121,1058896,1041171,,17725,6853,8405,,2467,2467,4607,21040,33133,24.6,445,,,445,21883,14100,7760,,,,,,,,,,,,,,,,,,,,,,,-5714,,,-5714,-5714,,,-5714,,,,,,,,,,,,,,,,,,,,,,,,,,,,,,,,,,,,,,,,,,,,,,,,,,,,,,,,,,,,,,,,,,,,,,,,,2710,-104137,,,106847,,,,,,,,,,,
,11月,,Nov,1101031,1041690,1026365,,15325,6518,6472,,2335,2335,4429,20435,34037,24.6,440,,,440,21663,14100,7530,,,,,,,,,,,,,,,,,,,,,,,-6394,,,-6394,-6394,,,-6394,,,,,,,,,,,,,,,,,,,,,,,,,,,,,,,,,,,,,,,,,,,,,,,,,,,,,,,,,,,,,,,,,,,,,,,,,2765,-107856,,,110621,,,,,,,,,,,
,12月,,Dec,1096185,1035817,1021985,,13832,6194,6052,,1586,1344,4608,20626,34695,24.6,439,,,439,22628,14100,8500,,,,,,,,,,,,,,,,,,,,,,,-6424,,-1170,-5254,-6424,,-1170,-5254,,,,,,,,,,,,,,,,,,,,,,,,,,,,,,,,,,,,,,,,,,,,,,,,,,,,,,,,,,,,,,,,,,,,,,,,,2707,-107754,,,110461,,,,,,,,,,,
平成23年,1月,2011,Jan,1092980,1034301,1020591,,13710,7518,4302,,1890,1890,4675,20919,32647,24.6,438,,,438,28176,18000,10145,,,,,,1000,,1000,,,,,,1000,,1000,,,,,,,-6447,,-1170,-5277,-6447,,-1170,-5277,,,,,,,,,,,,,,,,,,,,,,,,,,,,,,,,,,,,,,,,,,,,,,,,,,,,,,,,,,,,,,,,,,,,,,,,,2500,-98618,,,101118,-6,,,-6,,,,,,,
,2月,,Feb,1091485,1030543,1018354,,12189,6538,3825,,1826,1826,4708,21080,34714,24.6,440,,,440,28322,18000,10282,,,,,,3000,,3000,,,,,,3000,,3000,,,,,,,-6455,-1170,-1000,-4285,-6455,-1170,-1000,-4285,,,,,,,,,,,,,,,,,,,,,,,,,,,,,,,,,,,,,,,,,,,,,,,,,,,,,,,,,,,,,,,,,,,,,,,,,2629,-106426,,,109055,-27,,,-27,,,,,,,
,3月,,Mar,1116025,1041409,1027573,,13836,7733,4449,,1654,1654,17521,21247,35403,24.6,445,,,445,18019,18000,,,,,,,2009,9,2000,,-991,-991,,,3000,1000,2000,,,,,,,-6292,,-3500,-2792,-6292,,-3500,-2792,,,,,,,,,,,,,,,,,,,,,,,,,,,,,,,,,,,,,,,,,,,,,,,,,,,,,,,,,,,,,,,,,,,,,,,,,2511,-102734,,,105245,2,,,2,,,,,,1115731,294
,4月,,Apr,1135549,1057678,1044784,,12894,6581,4475,,1838,1838,18857,20784,37777,24.6,453,,,453,18026,18000,,,,,,,3500,2000,1500,,,,,,3500,2000,1500,,,,,,,-6327,-1000,-2500,-2827,-6327,-1000,-2500,-2827,,,,,,,,,,,,,,,,,,,,,,,,,,,,,,,,,,,,,,,,,,,,,,,,,,,,,,,,,,,,,,,,,,,,,,,,,2682,-107563,,,110245,-76,,,-76,,,,,,,
,5月,,May,1139524,1062256,1049259,,12997,6544,4669,,1784,1784,18465,20546,37801,24.6,456,,,456,18038,18000,,,,,,,3500,,3500,,,,,,3500,,3500,,,,,,,-5293,-2500,-1079,-1713,-5293,-2500,-1079,-1713,,,,,,,,,,,,,,,,,,,,,,,,,,,,,,,,,,,,,,,,,,,,,,,,,,,,,,,,,,,,,,,,,,,,,,,,,2866,-116600,,,119466,-20,,,-20,,,,,,,
,6月,,June,1137809,1061455,1048622,,12833,7047,4119,,1667,1667,18317,20542,37039,24.6,456,,,456,18039,18000,,,,,,,5000,1500,3500,,,,,,5000,1500,3500,,,,,,,-2798,,-1088,-1710,-2798,,-1088,-1710,,,,,,,,,,,,,,,,,,,,,,,,,,,,,,,,,,,,,,,,,,,,,,,,,,,,,,,,,,,,,,,,,,,,,,,,,2529,-103093,,,105622,-62,,,-62,,,,,,,
,7月,,July,1150877,1071531,1059532,,11999,6506,4080,,1413,1413,18296,20523,40065,24.6,462,,,462,18030,18000,,,,,,,6500,2000,3500,1000,,,,,6500,2000,3500,1000,,,,,,-5025,-1079,,-3947,-5025,-1079,,-3947,,,,,,,,,,,,,,,,,,,,,,,,,,,,,,,,,,,,,,,,,,,,,,,,,,,,,,,,,,,,,,,,,,,,,,,,,2634,-106742,,,109376,-267,,,-267,,,,,,,
,8月,,Aug,1218501,1135186,1106948,,28238,10978,11189,,6071,6071,17548,20682,44617,24.6,468,,,468,18040,18000,,,,,,,14000,1500,5000,7500,,,,,14000,1500,5000,7500,,,,,,-3952,,-750,-3202,-3952,,-750,-3202,,,,,,,,,,,,,,,,,,,,,,,,,,,,,,,,,,,,,,,,,,,,,,,,,,,,,,,,,,,,,,,,,,,,,,,,,2436,-106396,,,108832,-217,,,-217,,,,,,,
,9月,,Sep,1200593,1122922,1103731,,19191,5526,8768,,4897,4897,17293,20068,39856,24.6,454,,,454,18018,18000,,,,,,,17000,2000,6500,8500,,,,,17000,2000,6500,8500,,,,,,-3977,,-750,-3227,-3977,,-750,-3227,,,,,,,,,,,,,,,,,,,,,,,,,,,,,,,,,,,,,,,,,,,,,,,,,,,,,,,,,,,,,,,,,,,,,,,,,2434,-101959,,,104393,-32,,,-32,,,,,,,
,10月,,Oct,1209882,1129114,1115845,,13269,2908,7710,,2651,2651,17556,20380,42366,24.6,466,,,466,15902,15881,,,,,,,18000,3000,6500,8500,,,,,18000,3000,6500,8500,,,,,,-3969,-750,,-3219,-3969,-750,,-3219,,,,,,,,,,,,,,,,,,,,,,,,,,,,,,,,,,,,,,,,,,,,,,,,,,,,,,,,,,,,,,,,,,,,,,,,,2320,-99876,,,102196,298,,,298,,,,,,,
,11月,,Nov,1304763,1224805,1179497,,45308,11564,23645,,10099,10099,16586,19955,42955,24.6,462,,,462,16214,16081,,,,,,,31899,4499,13400,14000,-101,-1,-100,,32000,4500,13500,14000,,,,,,-7228,,,-7228,-7228,,,-7228,,,,,,,,,,,,,,,,,,,,,,,,,,,,,,,,,,,,,,,,,,,,,,,,,,,,,,,,,,,,,,,,,,,,,,,,,2043,-88630,,,90673,165,,,165,,,,,,,
,12月,,Dec,1295841,1220785,1181027,,39758,10360,21219,,8179,8179,17181,19745,37666,24.6,464,,,464,30386,16358,,,,,,,23500,-1137,11637,13000,-14000,-9137,-4863,,37500,8000,16500,13000,,,,,,-7235,,-985,-6250,-7235,,-985,-6250,,,,,,,,,,,,,,,,,,,,,,,,,,,,,,,,,,,,,,,,,,,,,,,,,,,,,,,,,,,,,,,,,,,,,,,,,2297,-103860,,,106157,-175,,,-175,,,,,,,
平成24年,1月,2012,Jan,1306668,1225982,1198056,,27926,2342,18525,,7059,7059,17360,19948,42906,24.6,472,,,472,35846,16358,,,,,,,21021,6357,-336,15000,-19479,-2143,-17336,,40500,8500,17000,15000,,,,,,-7230,,-980,-6250,-7230,,-980,-6250,,,,,,,,,,,,,,,,,,,,,,,,,,,,,,,,,,,,,,,,,,,,,,,,,,,,,,,,,,,,,,,,,,,,,,,,,2084,-94292,,,96376,-466,,,-466,,,,,,,
,2月,,Feb,1302877,1222020,1200540,,21480,2175,13537,,5768,5768,16817,20018,43546,24.6,476,,,476,34524,16358,,,,,,,26852,3236,5616,18000,-18148,-4764,-13384,,45000,8000,19000,18000,,,,,,-7226,-976,,-6250,-7226,-976,,-6250,,,,,,,,,,,,,,,,,,,,,,,,,,,,,,,,,,,,,,,,,,,,,,,,,,,,,,,,,,,,,,,,,,,,,,,,,2146,-97121,,,99267,2078,,,2078,,,,,,,
,3月,,Mar,1288703,1210477,1193315,,17162,3092,10454,,3616,3616,16922,19929,40901,24.6,474,,,474,32267,18779,,,,,,,35516,-3573,19089,20000,-13484,-12573,-911,,49000,9000,20000,20000,,,,,,-6750,,,-6750,-6750,,,-6750,,,,,,,,,,,,,,,,,,,,,,,,,,,,,,,,,,,,,,,,,,,,,,,,,,,,,,,,,,,,,,,,,,,,,,,,,2283,-101392,,,103675,2524,,,2524,,,,,,1288391,312
,4月,,Apr,1289542,1210929,1198093,,12836,3414,6816,,2606,2503,17509,20002,40625,24.6,477,,,477,19772,18779,,,,,,,54539,9189,22350,23000,-961,-811,-150,,55500,10000,22500,23000,,,,,,-6750,,-2250,-4500,-6750,,-2250,-4500,,,,,,,,,,,,,,,,,,,,,,,,,,,,,,,,,,,,,,,,,,,,,,,,,,,,,,,,,,,,,,,,,,,,,,,,,2369,-105382,,,107751,177,,,177,,,,,,,
,5月,,May,1277716,1204042,1191481,,12561,3768,6539,,2254,2254,15385,19488,38330,24.6,471,,,471,19905,19706,,,,,,,57850,9850,25000,23000,-150,-150,,,58000,10000,25000,23000,,,,,,-6750,,-2250,-4500,-6750,,-2250,-4500,,,,,,,,,,,,,,,,,,,,,,,,,,,,,,,,,,,,,,,,,,,,,,,,,,,,,,,,,,,,,,,,,,,,,,,,,2185,-95180,,,97365,-1147,,,-1147,,,,,,,
,6月,,June,1270547,1195579,1183193,,12386,3749,6549,,2088,2088,15582,19582,39327,24.6,477,,,477,23559,23503,,,,,,,64000,12500,25000,26500,,,,,64000,12500,25000,26500,,,,,,-8250,-2250,,-6000,-8250,-2250,,-6000,,,,,,,,,,,,,,,,,,,,,,,,,,,,,,,,,,,,,,,,,,,,,,,,,,,,,,,,,,,,,,,,,,,,,,,,,2247,-96637,,,98884,-43,,,-43,,,,,,,
,7月,,July,1272777,1197370,1183515,,13855,6679,5361,,1815,1815,15552,19463,39905,24.6,487,,,487,23829,23776,,,,,,,66000,12500,25500,28000,,,,,66000,12500,25500,28000,,,,,,-6000,,,-6000,-6000,,,-6000,,,,,,,,,,,,,,,,,,,,,,,,,,,,,,,,,,,,,,,,,,,,,,,,,,,,,,,,,,,,,,,,,,,,,,,,,1958,-85972,,,87930,-1310,,,-1310,,,,,,,
,8月,,August,1273242,1198273,1184305,,13968,7276,4983,,1709,1709,14281,19645,40557,24.6,486,,,486,25469,25401,,,,,,,68000,12500,25000,30500,,,,,68000,12500,25000,30500,,,,,,-6000,,-4000,-2000,-6000,,-4000,-2000,,,,,,,,,,,,,,,,,,,,,,,,,,,,,,,,,,,,,,,,,,,,,,,,,,,,,,,,,,,,,,,,,,,,,,,,,2066,-90717,,,92783,-998,,,-998,,,,,,,
,9月,,September,1277000,1198104,1183815,,14289,8028,4619,,1642,1642,14805,19905,43694,24.6,492,,,492,27461,27428,,,,,,,70000,13000,26000,31000,,,,,70000,13000,26000,31000,,,,,,-6000,,-4000,-2000,-6000,,-4000,-2000,,,,,,,,,,,,,,,,,,,,,,,,,,,,,,,,,,,,,,,,,,,,,,,,,,,,,,,,,,,,,,,,,,,,,,,,,2118,-93541,,,95659,-767,,,-767,,,,,,,
,10月,,October,1274160,1196844,1181973,,14871,8596,4627,,1648,1648,14574,19955,42291,24.6,496,,,496,27999,27950,,,,,,,70000,13000,27500,29500,,,,,70000,13000,27500,29500,,,,,,-6550,-4000,,-2550,-6550,-4000,,-2550,,,,,,,,,,,,,,,,,,,,,,,,,,,,,,,,,,,,,,,,,,,,,,,,,,,,,,,,,,,,,,,,,,,,,,,,,2142,-95282,,,97424,1054,,,1054,,,,,,,
,11月,,November,1270848,1194727,1179516,,15211,8961,4601,,1649,1649,13275,19883,42464,24.6,499,,,499,35174,35104,,,,,,,69997,12997,28500,28500,-3,-3,,,70000,13000,28500,28500,,,,,,-2550,,,-2550,-2550,,,-2550,,,,,,,,,,,,,,,,,,,,,,,,,,,,,,,,,,,,,,,,,,,,,,,,,,,,,,,,,,,,,,,,,,,,,,,,,2172,-96562,,,98734,3010,,,3010,,,,,,,
,12月,,December,1268125,1193077,1177832,,15245,8823,4611,,1811,1660,13697,19911,40939,24.6,501,,,501,35993,35926,,,,,,,69999,15499,27000,27500,-1,-1,,,70000,15500,27000,27500,,,,,,-3210,,-500,-2710,-3210,,-500,-2710,,,,,,,,,,,,,,,,,,,,,,,,,,,,,,,,,,,,,,,,,,,,,,,,,,,,,,,,,,,,,,,,,,,,,,,,,2073,-95109,,,97182,5607,,,5607,,,,,,,
平成25年,1月,2013,January,1267299,1191627,1175347,,16280,9977,4640,,1663,1663,14250,19968,40957,24.6,497,,,497,36066,36000,,,,,,,70000,15500,25000,29500,,,,,70000,15500,25000,29500,,,,,,-3229,,-500,-2729,-3229,,-500,-2729,,,,,,,,,,,,,,,,,,,,,,,,,,,,,,,,,,,,,,,,,,,,,,,,,,,,,,,,,,,,,,,,,,,,,,,,,2197,-98429,,,100626,7357,,,7357,,,,,,,
,2月,,February,1258809,1186584,1169427,,17157,10898,4606,,1653,1653,13017,19626,39081,24.6,501,,,501,39579,39506,,,,,,,70000,12500,26500,31000,,,,,70000,12500,26500,31000,,,,,,-3203,-500,,-2703,-3203,-500,,-2703,,,,,,,,,,,,,,,,,,,,,,,,,,,,,,,,,,,,,,,,,,,,,,,,,,,,,,,,,,,,,,,,,,,,,,,,,2153,-101947,,,104100,5775,,,5775,,,,,,,
,3月,,March,1254356,1181809,1163863,,17946,11709,4599,,1638,1638,13301,19424,39321,24.6,501,,,501,39843,39803,,,,,,,70000,14000,25500,30500,,,,,70000,14000,25500,30500,,,,,,-2691,,-1500,-1191,-2691,,-1500,-1191,,,,,,,,,,,,,,,,,,,,,,,,,,,,,,,,,,,,,,,,,,,,,,,,,,,,,,,,,,,,,,,,,,,,,,,,,2286,-105733,,,108019,4793,,,4793,,,,,,1254027,329
,4月,,April,1257964,1188483,1169951,,18532,12231,4643,,1658,1658,13282,19551,36141,24.6,507,,,507,43266,43212,,,,,,,70000,13500,30000,26500,,,,,70000,13500,30000,26500,,,,,,-2708,,-1500,-1208,-2708,,-1500,-1208,,,,,,,,,,,,,,,,,,,,,,,,,,,,,,,,,,,,,,,,,,,,,,,,,,,,,,,,,,,,,,,,,,,,,,,,,2130,-101979,,,104109,4561,,,4561,,,,,,,
,5月,,May,1250243,1182925,1163222,,19703,13377,4676,,1650,1650,13092,19421,34309,24.6,496,,,496,41866,41811,,,,,,,63000,14500,30500,18000,,,,,63000,14500,30500,18000,,,,,,-3869,-1500,,-2369,-3869,-1500,,-2369,,,,,,,,,,,,,,,,,,,,,,,,,,,,,,,,,,,,,,,,,,,,,,,,,,,,,,,,,,,,,,,,,,,,,,,,,2113,-100596,,,102709,4272,,,4272,,,,,,,
,6月,,June,1238713,1175866,1157455,,18411,12167,4633,,1611,1611,13552,19488,29326,24.6,481,,,481,42904,42849,,,,,,,56000,17000,27500,11500,,,,,56000,17000,27500,11500,,,,,,-3348,,,-3348,-3348,,,-3348,,,,,,,,,,,,,,,,,,,,,,,,,,,,,,,,,,,,,,,,,,,,,,,,,,,,,,,,,,,,,,,,,,,,,,,,,2544,-114282,,,116826,2292,,,2292,,,,,,,
,7月,,July,1254033,1187560,1168661,,18899,12599,4643,,1657,1657,14042,19609,32340,24.6,482,,,482,43865,43808,,,,,,,49000,16000,28000,5000,,,,,49000,16000,28000,5000,,,,,,-3410,,-550,-2860,-3410,,-550,-2860,,,,,,,,,,,,,,,,,,,,,,,,,,,,,,,,,,,,,,,,,,,,,,,,,,,,,,,,,,,,,,,,,,,,,,,,,3669,-118036,,,121705,469,,,469,,,,,,,
,8月,,August,1254204,1185789,1167050,,18739,12466,4612,,1661,1661,13986,19638,34314,24.6,477,,,477,45864,45805,,,,,,,42000,14000,25500,2500,,,,,42000,14000,25500,2500,,,,,,-3391,,-550,-2841,-3391,,-550,-2841,,,,,,,,,,,,,,,,,,,,,,,,,,,,,,,,,,,,,,,,,,,,,,,,,,,,,,,,,,,,,,,,,,,,,,,,,2858,-125304,,,128162,169,,,169,,,,,,,
,9月,,September,1273446,1206334,1189025,,17309,11008,4625,,1676,1676,14110,19882,32636,24.6,484,,,484,44086,44044,,,,,,,35000,15000,20000,,,,,,35000,15000,20000,,,,,,,-3458,-550,-676,-2232,-3458,-550,-676,-2232,,,,,,,,,,,,,,,,,,,,,,,,,,,,,,,,,,,,,,,,,,,,,,,,,,,,,,,,,,,,,,,,,,,,,,,,,2968,-131498,,,134466,-131,,,-131,,,,,,,
,10月,,October,1276751,1209760,1192624,,17136,10810,4640,,1686,1686,13824,20101,32574,24.6,492,,,492,45596,45555,,,,,,,35000,13500,16000,5500,,,,,35000,13500,16000,5500,,,,,,-2920,,-679,-2241,-2920,,-679,-2241,,,,,,,,,,,,,,,,,,,,,,,,,,,,,,,,,,,,,,,,,,,,,,,,,,,,,,,,,,,,,,,,,,,,,,,,,2786,-127452,,,130238,37,,,37,,,,,,,
,11月,,November,1275352,1209814,1192645,,17169,10833,4657,,1679,1679,14161,20067,30826,24.6,484,,,484,46374,46334,,,,,,,33500,8000,15000,10500,,,,,33500,8000,15000,10500,,,,,,-2920,-679,,-2241,-2920,-679,,-2241,,,,,,,,,,,,,,,,,,,,,,,,,,,,,,,,,,,,,,,,,,,,,,,,,,,,,,,,,,,,,,,,,,,,,,,,,2875,-128850,,,131725,1223,,,1223,,,,,,,
,12月,,December,1266815,1202443,1185830,,16613,10106,4672,,1835,1688,14202,20129,29560,24.6,481,,,481,47147,47105,,,,,,,32500,9000,13000,10500,,,,,32500,9000,13000,10500,,,,,,-3120,,,-3120,-3120,,,-3120,,,,,,,,,,,,,,,,,,,,,,,,,,,,,,,,,,,,,,,,,,,,,,,,,,,,,,,,,,,,,,,,,,,,,,,,,2822,-134331,,,137153,1789,,,1789,,,,,,,
平成26年,1月,2014,January,1277058,1211473,1194982,,16491,10177,4640,,1674,1674,14273,20054,30777,24.6,481,,,481,47502,47460,,,,,,,30500,7000,13000,10500,,,,,30500,7000,13000,10500,,,,,,-3076,,,-3076,-3076,,,-3076,,,,,,,,,,,,,,,,,,,,,,,,,,,,,,,,,,,,,,,,,,,,,,,,,,,,,,,,,,,,,,,,,,,,,,,,,3021,-135229,,,138250,326,,,326,,,,,,,
,2月,,February,1288206,1221108,1204657,,16451,10108,4653,,1690,1690,13744,20231,32636,24.6,487,,,487,44915,44872,,,,,,,29499,6999,11500,11000,-1,-1,,,29500,7000,11500,11000,,,,,,-4378,,-1243,-3136,-4378,,-1243,-3136,,,,,,,,,,,,,,,,,,,,,,,,,,,,,,,,,,,,,,,,,,,,,,,,,,,,,,,,,,,,,,,,,,,,,,,,,3028,-134063,,,137091,102,,,102,,,,,,,
,3月,,March,1279346,1212934,1197495,,15439,9086,4664,,1689,1689,13979,20164,31780,24.6,489,,,489,45727,45690,,,,,,,29500,9000,11500,9000,,,,,29500,9000,11500,9000,,,,,,-4373,,-2273,-2100,-4373,,-2273,-2100,,,,,,,,,,,,,,,,,,,,,,,,,,,,,,,,,,,,,,,,,,,,,,,,,,,,,,,,,,,,,,,,,,,,,,,,,3143,-141004,,,144147,371,,,371,,,,,,1279030,316
,4月,,April,1282822,1216804,1200547,,16257,9922,4644,,1691,1691,13609,20217,31700,24.6,492,,,492,46826,46788,,,,,,,29500,8500,11000,10000,,,,,29500,8500,11000,10000,,,,,,-6588,-1248,-1040,-4300,-6588,-1248,-1040,-4300,,,,,,,,,,,,,,,,,,,,,,,,,,,,,,,,,,,,,,,,,,,,,,,,,,,,,,,,,,,,,,,,,,,,,,,,,3025,-135409,,,138434,-42,,,-42,,,,,,,
,5月,,May,1283920,1219271,1202989,,16282,9873,4727,,1682,1682,13283,20100,30766,24.6,500,,,500,48146,48109,,,,,,,29500,7000,11500,11000,,,,,29500,7000,11500,11000,,,,,,-5323,-1023,,-4300,-5323,-1023,,-4300,,,,,,,,,,,,,,,,,,,,,,,,,,,,,,,,,,,,,,,,,,,,,,,,,,,,,,,,,,,,,,,,,,,,,,,,,2990,-136525,,,139515,-173,,,-173,,,,,,,
,6月,,June,1283921,1216005,1201708,,14297,7977,5320,,1000,1000,14904,20157,32353,24.6,502,,,502,48695,48659,,,,,,,29500,7000,11500,11000,,,,,29500,7000,11500,11000,,,,,,-5000,,,-5000,-5000,,,-5000,,,,,,,,,,,,,,,,,,,,,,,,,,,,,,,,,,,,,,,,,,,,,,,,,,,,,,,,,,,,,,,,,,,,,,,,,3043,-138412,,,141455,-229,,,-229,,,,,,,
,7月,,July,1276027,1209466,1193676,,15790,8609,6181,,1000,1000,14469,19967,31620,24.6,505,,,505,49131,49090,,,,,,,29500,6500,12000,11000,,,,,29500,6500,12000,11000,,,,,,-5000,,,-5000,-5000,,,-5000,,,,,,,,,,,,,,,,,,,,,,,,,,,,,,,,,,,,,,,,,,,,,,,,,,,,,,,,,,,,,,,,,,,,,,,,,3013,-138072,,,141085,289,,,289,,,,,,,
,8月,,August,1278011,1212013,1196822,,15191,8578,5613,,1000,1000,14056,19801,31633,24.6,508,,,508,49134,49089,,,,,,,29499,6999,13500,9000,-1,-1,,,29500,7000,13500,9000,,,,,,-5000,,,-5000,-5000,,,-5000,,,,,,,,,,,,,,,,,,,,,,,,,,,,,,,,,,,,,,,,,,,,,,,,,,,,,,,,,,,,,,,,,,,,,,,,,3044,-141660,,,144704,585,,,585,,,,,,,
,9月,,September,1264405,1201126,1187638,,13488,7282,5206,,1000,1000,13512,19334,29929,24.6,504,,,504,49425,49146,,,,,,,29260,7760,10500,11000,-240,-240,,,29500,8000,10500,11000,,,,,,-6500,,-850,-5650,-6500,,-850,-5650,,,,,,,,,,,,,,,,,,,,,,,,,,,,,,,,,,,,,,,,,,,,,,,,,,,,,,,,,,,,,,,,,,,,,,,,,3258,-148955,,,152213,1703,,,1703,,,,,,,
,10月,,October,1265925,1204162,1190655,,13507,7282,5225,,1000,1000,13333,19279,28643,24.6,508,,,508,49422,49382,,,,,,,29499,7499,14000,8000,-1,-1,,,29500,7500,14000,8000,,,,,,-6500,,-850,-5650,-6500,,-850,-5650,,,,,,,,,,,,,,,,,,,,,,,,,,,,,,,,,,,,,,,,,,,,,,,,,,,,,,,,,,,,,,,,,,,,,,,,,3309,-150531,,,153840,2000,,,2000,,,,,,,
,11月,,November,1269079,1207540,1194071,,13469,7267,5202,,1000,1000,12834,19097,29099,24.6,509,,,509,49750,49714,,,,,,,29499,6999,16000,6500,-1,-1,,,29500,7000,16000,6500,,,,,,-6500,-850,-1250,-4400,-6500,-850,-1250,-4400,,,,,,,,,,,,,,,,,,,,,,,,,,,,,,,,,,,,,,,,,,,,,,,,,,,,,,,,,,,,,,,,,,,,,,,,,3226,-155719,,,158945,2633,,,2633,,,,,,,
,12月,,December,1260548,1199651,1179359,,20292,13954,5162,,1176,1000,11993,18895,29504,24.6,505,,,505,51534,49972,,,,,,,27972,7472,14500,6000,-1528,-1528,,,29500,9000,14500,6000,,,,,,-5650,,-1250,-4400,-5650,,-1250,-4400,,,,,,,,,,,,,,,,,,,,,,,,,,,,,,,,,,,,,,,,,,,,,,,,,,,,,,,,,,,,,,,,,,,,,,,,,3069,-154386,,,157455,2021,,,2021,,,,,,,
平成27年,1月,2015,January,1261103,1199797,1167587,,32210,26620,5090,,500,500,11401,18387,31006,24.6,512,,,512,51321,51282,,,,,,,29500,9000,15500,5000,,,,,29500,9000,15500,5000,,,,,,-7150,-1250,-2200,-3700,-7150,-1250,-2200,-3700,,,,,,,,,,,,,,,,,,,,,,,,,,,,,,,,,,,,,,,,,,,,,,,,,,,,,,,,,,,,,,,,,,,,,,,,,3170,-155028,,,158198,610,,,610,,,,,,,
,2月,,February,1251112,1191601,1143191,,48410,44305,3605,,500,500,10775,18358,29868,24.6,510,,,510,51721,51679,,,,,,,29500,10500,17000,2000,,,,,29500,10500,17000,2000,,,,,,-5900,,-2200,-3700,-5900,,-2200,-3700,,,,,,,,,,,,,,,,,,,,,,,,,,,,,,,,,,,,,,,,,,,,,,,,,,,,,,,,,,,,,,,,,,,,,,,,,3243,-153813,,,157056,634,,,634,,,,,,,
,3月,,March,1245316,1187858,1124518,,63340,59750,3090,,500,500,9752,17994,29203,24.6,509,,,509,50974,50123,,,,,,,28690,10190,11500,7000,-810,-810,,,29500,11000,11500,7000,,,,,,-7050,-2200,-700,-4150,-7050,-2200,-700,-4150,,,,,,,,,,,,,,,,,,,,,,,,,,,,,,,,,,,,,,,,,,,,,,,,,,,,,,,,,,,,,,,,,,,,,,,,,2765,-142638,,,145403,400,,,400,,,,,,1244992,324
,4月,,April,1250073,1192407,1129517,,62890,59760,2630,,500,500,9775,18340,29037,24.6,514,,,514,51140,51097,,,,,,,29500,7500,11000,11000,,,,,29500,7500,11000,11000,,,,,,-4850,,-700,-4150,-4850,,-700,-4150,,,,,,,,,,,,,,,,,,,,,,,,,,,,,,,,,,,,,,,,,,,,,,,,,,,,,,,,,,,,,,,,,,,,,,,,,3170,-145014,,,148184,67,,,67,,,,,,,
,5月,,May,1245755,1188152,1125516,,62636,59483,2253,,900,650,9649,18134,29312,24.6,508,,,508,51083,51043,,,,,,,29500,8000,13500,8000,,,,,29500,8000,13500,8000,,,,,,-6850,-700,,-6150,-6850,-700,,-6150,,,,,,,,,,,,,,,,,,,,,,,,,,,,,,,,,,,,,,,,,,,,,,,,,,,,,,,,,,,,,,,,,,,,,,,,,3758,-150481,,,154239,1023,,,1023,,,,,,,
,6月,,June,1242935,1185861,1123229,,62632,59762,2244,,626,626,9421,18341,28810,24.6,502,,,502,51125,50567,,,,,,,28980,11480,11500,6000,-520,-520,,,29500,12000,11500,6000,,,,,,-6150,,-1500,-4650,-6150,,-1500,-4650,,,,,,,,,,,,,,,,,,,,,,,,,,,,,,,,,,,,,,,,,,,,,,,,,,,,,,,,,,,,,,,,,,,,,,,,,3489,-154204,,,157693,425,,,425,,,,,,,
,7月,,July,1242316,1187529,1124758,,62771,59868,2253,,650,650,9075,18188,27024,24.6,500,,,500,51614,51572,,,,,,,29500,7500,12000,10000,,,,,29500,7500,12000,10000,,,,,,-8150,,-1500,-6650,-8150,,-1500,-6650,,,,,,,,,,,,,,,,,,,,,,,,,,,,,,,,,,,,,,,,,,,,,,,,,,,,,,,,,,,,,,,,,,,,,,,,,3224,-147131,,,150355,569,,,569,,,,,,,
,8月,,August,1244150,1187804,1119146,,68658,65756,2252,,650,650,9624,18308,27924,24.6,490,,,490,52561,52510,,,,,,,29498,10998,11500,7000,-2,-2,,,29500,11000,11500,7000,,,,,,-8150,-1500,,-6650,-8150,-1500,,-6650,,,,,,,,,,,,,,,,,,,,,,,,,,,,,,,,,,,,,,,,,,,,,,,,,,,,,,,,,,,,,,,,,,,,,,,,,2926,-138171,,,141097,-211,,,-211,,,,,,,
,9月,,September,1248936,1192947,1114865,,78082,75785,2247,,50,50,9784,18308,27407,24.6,490,,,490,54185,53592,,,,,,,28961,13461,8500,7000,-539,-539,,,29500,14000,8500,7000,,,,,,-6650,,,-6650,-6650,,,-6650,,,,,,,,,,,,,,,,,,,,,,,,,,,,,,,,,,,,,,,,,,,,,,,,,,,,,,,,,,,,,,,,,,,,,,,,,2969,-140247,,,143216,-384,,,-384,,,,,,,
,10月,,October,1244211,1187794,1093953,,93841,92215,1576,,50,50,9594,18218,28105,24.6,500,,,500,54110,54054,,,,,,,29500,10500,15000,4000,,,,,29500,10500,15000,4000,,,,,,-7650,,-1500,-6150,-7650,,-1500,-6150,,,,,,,,,,,,,,,,,,,,,,,,,,,,,,,,,,,,,,,,,,,,,,,,,,,,,,,,,,,,,,,,,,,,,,,,,2934,-135236,,,138170,-86,,,-86,,,,,,,
,11月,,November,1233008,1179074,1076245,,102829,101785,994,,50,50,9412,17897,26126,24.6,499,,,499,54314,54259,,,,,,,29499,10999,10000,8500,-1,-1,,,29500,11000,10000,8500,,,,,,-7650,,-1500,-6150,-7650,,-1500,-6150,,,,,,,,,,,,,,,,,,,,,,,,,,,,,,,,,,,,,,,,,,,,,,,,,,,,,,,,,,,,,,,,,,,,,,,,,3648,-142752,,,146400,434,,,434,,,,,,,
,12月,,December,1233214,1179004,1064227,,114777,113704,1023,,50,50,9531,18048,26134,24.6,497,,,497,56420,56291,,,,,,,29428,7928,9000,12500,-72,-72,,,29500,8000,9000,12500,,,,,,-7650,-1500,-1150,-5000,-7650,-1500,-1150,-5000,,,,,,,,,,,,,,,,,,,,,,,,,,,,,,,,,,,,,,,,,,,,,,,,,,,,,,,,,,,,,,,,,,,,,,,,,3057,-140019,,,143076,-420,,,-420,,,,,,,
平成28年,1月,2016,January,1248107,1192824,1067634,,125190,124122,1043,,25,25,8369,19059,27353,24.6,502,,,502,55538,55470,,,,,,,29499,11999,11000,6500,-1,-1,,,29500,12000,11000,6500,,,,,,-6150,,-1150,-5000,-6150,,-1150,-5000,,,,,,,,,,,,,,,,,,,,,,,,,,,,,,,,,,,,,,,,,,,,,,,,,,,,,,,,,,,,,,,,,,,,,,,,,2773,-144309,,,147082,67,,,67,,,,,,,
,2月,,February,1254149,1193683,1068486,,125197,124130,1042,,25,25,12470,17110,30381,24.6,505,,,505,56396,56317,,,,,,,29499,8999,11500,9000,-1,-1,,,29500,9000,11500,9000,,,,,,-7050,-1150,-2000,-3900,-7050,-1150,-2000,-3900,,,,,,,,,,,,,,,,,,,,,,,,,,,,,,,,,,,,,,,,,,,,,,,,,,,,,,,,,,,,,,,,,,,,,,,,,3910,-141603,,,145513,-1596,,,-1596,,,,,,,
,3月,,March,1262099,1201196,1076126,,125070,124146,899,,25,25,12495,17451,30434,24.6,523,,,523,58175,57986,,,,,,,29399,7899,11500,10000,-101,-101,,,29500,8000,11500,10000,,,,,,-6400,,-2000,-4400,-6400,,-2000,-4400,,,,,,,,,,,,,,,,,,,,,,,,,,,,,,,,,,,,,,,,,,,,,,,,,,,,,,,,,,,,,,,,,,,,,,,,,3095,-143942,,,147037,-1269,,,-1269,,,,,,1261767,332
,4月,,April,1262509,1200407,1075380,,125027,124365,637,,25,25,12393,17556,31630,24.6,523,,,523,58582,58484,,,,,,,29500,7500,14000,8000,,,,,29500,7500,14000,8000,,,,,,-6400,-2000,-2000,-2400,-6400,-2000,-2000,-2400,,,,,,,,,,,,,,,,,,,,,,,,,,,,,,,,,,,,,,,,,,,,,,,,,,,,,,,,,,,,,,,,,,,,,,,,,2948,-145046,,,147994,-2289,,,-2289,,,,,,,
,5月,,May,1253967,1193989,1069261,,124728,124074,629,,25,25,12267,17377,29821,24.6,513,,,513,59234,59131,,,,,,,29499,9999,12000,7500,-1,-1,,,29500,10000,12000,7500,,,,,,-5400,,-2000,-3400,-5400,,-2000,-3400,,,,,,,,,,,,,,,,,,,,,,,,,,,,,,,,,,,,,,,,,,,,,,,,,,,,,,,,,,,,,,,,,,,,,,,,,3122,-144095,,,147217,-359,,,-359,,,,,,,
,6月,,June,1265402,1202686,1077607,,125079,124425,629,,25,25,12370,17327,32494,24.6,525,,,525,63481,61908,,,,,,,28025,6525,12000,9500,-1475,-1475,,,29500,8000,12000,9500,,,,,,-5400,-2000,,-3400,-5400,-2000,,-3400,,,,,,,,,,,,,,,,,,,,,,,,,,,,,,,,,,,,,,,,,,,,,,,,,,,,,,,,,,,,,,,,,,,,,,,,,3468,-150052,,,153520,-1833,,,-1833,,,,,,,
,7月,,July,1264750,1201838,1076267,,125571,124919,627,,25,25,12068,17295,33017,24.6,532,,,532,64629,64381,,,,,,,29370,7870,13000,8500,-130,-130,,,29500,8000,13000,8500,,,,,,-5400,,-1000,-4400,-5400,,-1000,-4400,,,,,,,,,,,,,,,,,,,,,,,,,,,,,,,,,,,,,,,,,,,,,,,,,,,,,,,,,,,,,,,,,,,,,,,,,3562,-154860,,,158422,-1678,,,-1678,,,,,,,
,8月,,August,1256053,1193344,1066903,,126441,125791,625,,25,25,12026,17942,32210,24.6,531,,,531,65915,65768,,,,,,,31489,8989,15500,7000,-11,-11,,,31500,9000,15500,7000,,,,,,-5400,,-1000,-4400,-5400,,-1000,-4400,,,,,,,,,,,,,,,,,,,,,,,,,,,,,,,,,,,,,,,,,,,,,,,,,,,,,,,,,,,,,,,,,,,,,,,,,3342,-153118,,,156460,-323,,,-323,,,,,,,
,9月,,September,1260145,1196234,1068188,,128046,127388,633,,25,25,12706,18136,32537,24.6,532,,,532,65534,64739,,,,,,,31845,10345,12500,9000,-655,-655,,,32500,11000,12500,9000,,,,,,-5400,-1000,,-4400,-5400,-1000,,-4400,,,,,,,,,,,,,,,,,,,,,,,,,,,,,,,,,,,,,,,,,,,,,,,,,,,,,,,,,,,,,,,,,,,,,,,,,3645,-153851,,,157496,-573,,,-573,,,,,,,
,10月,,October,1242792,1180425,1054462,,125963,125313,625,,25,25,12645,17905,31295,24.6,522,,,522,64762,64613,,,,,,,35500,8500,18000,9000,,,,,35500,8500,18000,9000,,,,,,-4400,,,-4400,-4400,,,-4400,,,,,,,,,,,,,,,,,,,,,,,,,,,,,,,,,,,,,,,,,,,,,,,,,,,,,,,,,,,,,,,,,,,,,,,,,3621,-153199,,,156820,792,,,792,,,,,,,
,11月,,November,1219291,1159321,1031886,,127435,126803,607,,25,25,12274,18214,28984,24.6,498,,,498,64520,64370,,,,,,,36000,8000,22000,6000,,,,,36000,8000,22000,6000,,,,,,-4400,,-900,-3500,-4400,,-900,-3500,,,,,,,,,,,,,,,,,,,,,,,,,,,,,,,,,,,,,,,,,,,,,,,,,,,,,,,,,,,,,,,,,,,,,,,,,3283,-137903,,,141186,3536,,,3536,,,,,,,
,12月,,December,1216903,1157790,1031902,,125888,125259,604,,25,25,12019,18087,28516,24.6,491,,,491,65063,63696,,,,,,,33777,11777,16000,6000,-1223,-1223,,,35000,13000,16000,6000,,,,,,-4400,,-1400,-3000,-4400,,-1400,-3000,,,,,,,,,,,,,,,,,,,,,,,,,,,,,,,,,,,,,,,,,,,,,,,,,,,,,,,,,,,,,,,,,,,,,,,,,2996,-134899,,,137895,3427,,,3427,,,,,,,
平成29年,1月,2017,January,1231573,1170803,1043826,,126977,126332,620,,25,25,12201,18233,29837,24.6,499,,,499,64115,63829,,,,,,,26878,9878,12000,5000,-122,-122,,,27000,10000,12000,5000,,,,,,-5400,-900,-500,-4000,-5400,-900,-500,-4000,,,,,,,,,,,,,,,,,,,,,,,,,,,,,,,,,,,,,,,,,,,,,,,,,,,,,,,,,,,,,,,,,,,,,,,,,3279,-141795,,,145074,1305,,,1305,,,,,,,
,2月,,February,1232340,1170660,1042763,,127897,127287,585,,25,25,11979,18310,30891,24.6,500,,,500,64566,64193,,,,,,,24798,6798,12000,6000,-202,-202,,,25000,7000,12000,6000,,,,,,-4500,-500,-1000,-3000,-4500,-500,-1000,-3000,,,,,,,,,,,,,,,,,,,,,,,,,,,,,,,,,,,,,,,,,,,,,,,,,,,,,,,,,,,,,,,,,,,,,,,,,4011,-147981,,,151992,326,,,326,,,,,,,
,3月,,March,1230330,1168909,1042952,,125957,125329,603,,25,25,11936,18350,30626,24.6,509,,,509,64495,63767,,,,,,,24450,9450,8000,7000,-550,-550,,,25000,10000,8000,7000,,,,,,-4375,,-1000,-3375,-4375,,-1000,-3375,,,,,,,,,,,,,,,,,,,,,,,,,,,,,,,,,,,,,,,,,,,,,,,,,,,,,,,,,,,,,,,,,,,,,,,,,3227,-151133,,,154360,-136,,,-136,,,,,,1229938,392
,4月,,April,1242295,1180046,1052925,,127121,126483,613,,25,25,12041,18542,31157,24.6,509,,,509,66528,66340,,,,,,,20000,6000,11000,3000,,,,,20000,6000,11000,3000,,,,,,-4366,-1000,-2000,-1366,-4366,-1000,-2000,-1366,,,,,,,,,,,,,,,,,,,,,,,,,,,,,,,,,,,,,,,,,,,,,,,,,,,,,,,,,,,,,,,,,,,,,,,,,4475,-150694,,,155169,-52,,,-52,,,,,,,
,5月,,May,1251868,1189360,1061544,,127816,127161,630,,25,25,12126,18715,31151,24.6,516,,,516,66465,66271,,,,,,,20000,7000,9000,4000,,,,,20000,7000,9000,4000,,,,,,-3370,,-2000,-1370,-3370,,-2000,-1370,,,,,,,,,,,,,,,,,,,,,,,,,,,,,,,,,,,,,,,,,,,,,,,,,,,,,,,,,,,,,,,,,,,,,,,,,4872,-148305,,,153177,-153,,,-153,,,,,,,
,6月,,June,1249847,1188139,1062210,,125929,125257,647,,25,25,11819,18810,30562,24.6,517,,,517,64105,63927,,,,,,,19990,7990,7000,5000,-10,-10,,,20000,8000,7000,5000,,,,,,-3386,-2000,,-1386,-3386,-2000,,-1386,,,,,,,,,,,,,,,,,,,,,,,,,,,,,,,,,,,,,,,,,,,,,,,,,,,,,,,,,,,,,,,,,,,,,,,,,3803,-152008,,,155811,207,,,207,,,,,,,
,7月,,July,1260040,1197552,1074963,,122589,121917,647,,25,25,11775,19005,31185,24.6,523,,,523,64991,64800,,,,,,,20000,8000,8000,4000,,,,,20000,8000,8000,4000,,,,,,-3901,,,-3901,-3901,,,-3901,,,,,,,,,,,,,,,,,,,,,,,,,,,,,,,,,,,,,,,,,,,,,,,,,,,,,,,,,,,,,,,,,,,,,,,,,3739,-148585,,,152324,-227,,,-227,,,,,,,
,8月,,August,1268006,1204226,1081532,,122694,122016,653,,25,25,11883,19100,32272,24.6,525,,,525,64711,64504,,,,,,,20000,6000,10000,4000,,,,,20000,6000,10000,4000,,,,,,-3901,,,-3901,-3901,,,-3901,,,,,,,,,,,,,,,,,,,,,,,,,,,,,,,,,,,,,,,,,,,,,,,,,,,,,,,,,,,,,,,,,,,,,,,,,3275,-146060,,,149335,-124,,,-124,,,,,,,
,9月,,September,1266310,1203236,1080790,,122446,121768,653,,25,25,11886,19099,31567,24.6,522,,,522,59963,59381,,,,,,,19600,5600,7000,7000,-400,-400,,,20000,6000,7000,7000,,,,,,-3901,,,-3901,-3901,,,-3901,,,,,,,,,,,,,,,,,,,,,,,,,,,,,,,,,,,,,,,,,,,,,,,,,,,,,,,,,,,,,,,,,,,,,,,,,3709,-150851,,,154560,414,,,414,,,,,,,
,10月,,October,1260925,1198464,1076041,,122423,121765,633,,25,25,11760,18930,31249,24.6,522,,,522,59486,59297,,,,,,,22000,8000,6000,8000,,,,,22000,8000,6000,8000,,,,,,-4388,,-1000,-3388,-4388,,-1000,-3388,,,,,,,,,,,,,,,,,,,,,,,,,,,,,,,,,,,,,,,,,,,,,,,,,,,,,,,,,,,,,,,,,,,,,,,,,3627,-148136,,,151763,555,,,555,,,,,,,
,11月,,November,1261242,1198933,1076384,,122549,121872,652,,25,25,11203,19078,31496,24.6,532,,,532,59455,59270,,,,,,,25000,3000,12000,10000,,,,,25000,3000,12000,10000,,,,,,-6888,,-1000,-5888,-6888,,-1000,-5888,,,,,,,,,,,,,,,,,,,,,,,,,,,,,,,,,,,,,,,,,,,,,,,,,,,,,,,,,,,,,,,,,,,,,,,,,3833,-157755,,,161588,272,,,272,,,,,,,
,12月,,December,1264283,1202071,1079459,,122612,121928,659,,25,25,10582,19195,31897,24.6,538,,,538,58122,57815,,,,,,,24840,6840,11000,7000,-160,-160,,,25000,7000,11000,7000,,,,,,-6898,-1000,-398,-5500,-6898,-1000,-398,-5500,,,,,,,,,,,,,,,,,,,,,,,,,,,,,,,,,,,,,,,,,,,,,,,,,,,,,,,,,,,,,,,,,,,,,,,,,4289,-173352,,,177641,271,,,271,,,,,,,
平成30年,1月,2018,January,1268535,1204746,1082243,,122503,121804,674,,25,25,10511,19640,33091,24.6,547,,,547,57822,57645,,,,,,,21999,6999,10000,5000,-1,-1,,,22000,7000,10000,5000,,,,,,-6406,,-406,-6000,-6406,,-406,-6000,,,,,,,,,,,,,,,,,,,,,,,,,,,,,,,,,,,,,,,,,,,,,,,,,,,,,,,,,,,,,,,,,,,,,,,,,4634,-178533,,,183167,-445,,,-445,,,,,,,
,2月,,February,1261749,1198857,1076009,,122848,122154,669,,25,25,10418,19511,32422,24.6,541,,,541,58984,58787,,,,,,,19995,5995,10000,4000,-5,-5,,,20000,6000,10000,4000,,,,,,-7640,-390,,-7250,-7640,-390,,-7250,,,,,,,,,,,,,,,,,,,,,,,,,,,,,,,,,,,,,,,,,,,,,,,,,,,,,,,,,,,,,,,,,,,,,,,,,4188,-176410,,,180598,-691,,,-691,,,,,,,
,3月,,March,1268287,1205149,1080727,,124422,123726,671,,25,25,10402,19618,32570,24.6,548,,,548,57044,56830,,,,,,,22000,8000,7000,7000,,,,,22000,8000,7000,7000,,,,,,-7250,,,-7250,-7250,,,-7250,,,,,,,,,,,,,,,,,,,,,,,,,,,,,,,,,,,,,,,,,,,,,,,,,,,,,,,,,,,,,,,,,,,,,,,,,4569,-186344,,,190913,-492,,,-492,,,,,,1267874,413
,4月,,April,1256018,1193513,1068584,,124929,124138,659,,132,25,10246,19407,32308,24.6,544,,,544,56359,56114,,,,,,,25000,5000,12000,8000,,,,,25000,5000,12000,8000,,,,,,-7250,,-2500,-4750,-7250,,-2500,-4750,,,,,,,,,,,,,,,,,,,,,,,,,,,,,,,,,,,,,,,,,,,,,,,,,,,,,,,,,,,,,,,,,,,,,,,,,4057,-171608,,,175665,591,,,591,,,,,,,
,5月,,May,1254477,1192596,1063435,,129161,128491,645,,25,25,10086,19141,32115,24.6,539,,,539,57759,57502,,,,,,,22999,5999,12000,5000,-1,-1,,,23000,6000,12000,5000,,,,,,-8750,,-2500,-6250,-8750,,-2500,-6250,,,,,,,,,,,,,,,,,,,,,,,,,,,,,,,,,,,,,,,,,,,,,,,,,,,,,,,,,,,,,,,,,,,,,,,,,6679,-162324,,,169003,481,,,481,,,,,,,
,6月,,June,1258748,1197493,1068386,,129107,128439,643,,25,25,11029,18936,30765,24.6,525,,,525,56586,56374,,,,,,,19999,7999,6000,6000,-1,-1,,,20000,8000,6000,6000,,,,,,-8750,-2500,,-6250,-8750,-2500,,-6250,,,,,,,,,,,,,,,,,,,,,,,,,,,,,,,,,,,,,,,,,,,,,,,,,,,,,,,,,,,,,,,,,,,,,,,,,3764,-153571,,,157335,729,,,729,,,,,,,
,7月,,July,1256276,1195817,1067226,,128591,127929,637,,25,25,11065,18831,30039,24.6,524,,,524,56602,56344,,,,,,,20000,6000,6000,8000,,,,,20000,6000,6000,8000,,,,,,-6250,,-500,-5750,-6250,,-500,-5750,,,,,,,,,,,,,,,,,,,,,,,,,,,,,,,,,,,,,,,,,,,,,,,,,,,,,,,,,,,,,,,,,,,,,,,,,3898,-149733,,,153631,745,,,745,,,,,,,
,8月,,August,1259305,1199284,1067254,,132030,131368,637,,25,25,11101,18812,29583,24.6,525,,,525,56497,56211,,,,,,,20000,3000,11000,6000,,,,,20000,3000,11000,6000,,,,,,-6366,,-3000,-3366,-6366,,-3000,-3366,,,,,,,,,,,,,,,,,,,,,,,,,,,,,,,,,,,,,,,,,,,,,,,,,,,,,,,,,,,,,,,,,,,,,,,,,3422,-146240,,,149662,438,,,438,,,,,,,
,9月,,September,1259673,1200156,1067658,,132498,131833,640,,25,25,11056,18730,29209,24.6,522,,,522,53898,53615,,,,,,,17000,6000,6000,5000,,,,,17000,6000,6000,5000,,,,,,-6865,-500,-2500,-3865,-6865,-500,-2500,-3865,,,,,,,,,,,,,,,,,,,,,,,,,,,,,,,,,,,,,,,,,,,,,,,,,,,,,,,,,,,,,,,,,,,,,,,,,3281,-148801,,,152082,705,,,705,,,,,,,
,10月,,October,1252873,1192581,1059856,,132725,132073,627,,25,25,11328,18557,29891,24.6,516,,,516,53589,53276,,,,,,,20000,6000,7000,7000,,,,,20000,6000,7000,7000,,,,,,-6367,-2500,-500,-3367,-6367,-2500,-500,-3367,,,,,,,,,,,,,,,,,,,,,,,,,,,,,,,,,,,,,,,,,,,,,,,,,,,,,,,,,,,,,,,,,,,,,,,,,3554,-144516,,,148070,458,,,458,,,,,,,
,11月,,November,1258264,1197846,1066004,,131842,131176,641,,25,25,11348,18586,29955,24.6,529,,,529,51791,51482,,,,,,,23000,5000,10000,8000,,,,,23000,5000,10000,8000,,,,,,-4368,,-1750,-2618,-4368,,-1750,-2618,,,,,,,,,,,,,,,,,,,,,,,,,,,,,,,,,,,,,,,,,,,,,,,,,,,,,,,,,,,,,,,,,,,,,,,,,4314,-141927,,,146241,429,,,429,,,,,,,
,12月,,December,1270975,1208958,1077824,,131134,130403,617,,114,25,11464,18484,31531,24.6,538,,,538,51066,50825,,,,,,,26990,5990,12000,9000,-10,-10,,,27000,6000,12000,9000,,,,,,-4368,-500,-1250,-2618,-4368,-500,-1250,-2618,,,,,,,,,,,,,,,,,,,,,,,,,,,,,,,,,,,,,,,,,,,,,,,,,,,,,,,,,,,,,,,,,,,,,,,,,3239,-141254,,,144493,-474,,,-474,,,,,,,
平成31年,1月,2019,January,1279297,1216111,1084831,,131280,130619,636,,25,25,11304,18777,32555,24.6,550,,,550,51006,50742,,,,,,,24999,5999,10000,9000,-1,-1,,,25000,6000,10000,9000,,,,,,-4319,-1250,,-3069,-4319,-1250,,-3069,,,,,,,,,,,,,,,,,,,,,,,,,,,,,,,,,,,,,,,,,,,,,,,,,,,,,,,,,,,,,,,,,,,,,,,,,3414,-134057,,,137471,-498,,,-498,,,,,,,
,2月,,February,1281846,1218763,1086966,,131797,131137,635,,25,25,11273,18806,32454,24.6,550,,,550,50415,50147,,,,,,,21000,6000,8000,7000,,,,,21000,6000,8000,7000,,,,,,-5068,,-1500,-3568,-5068,,-1500,-3568,,,,,,,,,,,,,,,,,,,,,,,,,,,,,,,,,,,,,,,,,,,,,,,,,,,,,,,,,,,,,,,,,,,,,,,,,4305,-133783,,,138088,143,,,143,,,,,,,
,3月,,March,1291813,1229406,1098444,,130962,130314,623,,25,25,11308,18675,31870,24.6,554,,,554,50130,49840,,,,,,,17000,5000,8000,4000,,,,,17000,5000,8000,4000,,,,,,-5070,,-1500,-3570,-5070,,-1500,-3570,,,,,,,,,,,,,,,,,,,,,,,,,,,,,,,,,,,,,,,,,,,,,,,,,,,,,,,,,,,,,,,,,,,,,,,,,3101,-130429,,,133530,97,,,97,,,,,,1291390,423
,4月,,April,1293499,1229858,1098066,,131792,130695,520,,577,50,12223,19326,31548,24.6,544,,,544,49765,49443,,,,,,,16000,6000,9000,1000,,,,,16000,6000,9000,1000,,,,,,-5070,-1500,,-3570,-5070,-1500,,-3570,,,,,,,,,,,,,,,,,,,,,,,,,,,,,,,,,,,,,,,,,,,,,,,,,,,,,,,,,,,,,,,,,,,,,,,,,2961,-127452,,,130413,208,,,208,,,,,,,
令和元年,5月,,May,1307975,1244186,1112922,,131264,130619,595,,50,50,12167,19203,31874,24.6,545,,,545,49310,48979,,,,,,,15000,4000,11000,,,,,,15000,4000,11000,,,,,,,-4574,,-119,-4455,-4574,,-119,-4455,,,,,,,,,,,,,,,,,,,,,,,,,,,,,,,,,,,,,,,,,,,,,,,,,,,,,,,,,,,,,,,,,,,,,,,,,3565,-130170,,,133735,-166,,,-166,,,,,,,
,6月,,June,1322279,1255885,1125615,,130270,129595,625,,50,50,11838,19332,34665,24.6,559,,,559,48512,48286,,,,,,,15000,7000,6000,2000,,,,,15000,7000,6000,2000,,,,,,-6645,,-690,-5955,-6645,,-690,-5955,,,,,,,,,,,,,,,,,,,,,,,,,,,,,,,,,,,,,,,,,,,,,,,,,,,,,,,,,,,,,,,,,,,,,,,,,3381,-143100,,,146481,-86,,,-86,,,,,,,
,7月,,July,1316452,1250027,1119115,,130912,130278,584,,50,50,11738,19000,35122,24.6,565,,,565,48467,48232,,,,,,,15000,6000,8000,1000,,,,,15000,6000,8000,1000,,,,,,-9137,-182,-500,-8455,-9137,-182,-500,-8455,,,,,,,,,,,,,,,,,,,,,,,,,,,,,,,,,,,,,,,,,,,,,,,,,,,,,,,,,,,,,,,,,,,,,,,,,3262,-138457,,,141719,129,,,129,,,,,,,
,8月,,August,1331583,1262807,1132148,,130659,130002,607,,50,50,11675,18935,37602,24.6,564,,,564,47875,47636,,,,,,,17000,6000,8000,3000,,,,,17000,6000,8000,3000,,,,,,-8955,-500,-500,-7955,-8955,-500,-500,-7955,,,,,,,,,,,,,,,,,,,,,,,,,,,,,,,,,,,,,,,,,,,,,,,,,,,,,,,,,,,,,,,,,,,,,,,,,3195,-140363,,,143558,-73,,,-73,,,,,,,
,9月,,September,1322581,1255042,1124348,,130694,130007,637,,50,50,11594,18838,36542,24.6,565,,,565,47252,47019,,,,,,,19000,7000,9000,3000,,,,,19000,7000,9000,3000,,,,,,-8455,,-500,-7955,-8455,,-500,-7955,,,,,,,,,,,,,,,,,,,,,,,,,,,,,,,,,,,,,,,,,,,,,,,,,,,,,,,,,,,,,,,,,,,,,,,,,3743,-142536,,,146279,222,,,222,,,,,,,
,10月,,October,1324468,1255880,1126020,,129860,129179,581,,100,100,11723,19121,37173,24.6,571,,,571,46869,46625,,,,,,,25000,7000,13000,5000,,,,,25000,7000,13000,5000,,,,,,-8455,-500,-455,-7500,-8455,-500,-455,-7500,,,,,,,,,,,,,,,,,,,,,,,,,,,,,,,,,,,,,,,,,,,,,,,,,,,,,,,,,,,,,,,,,,,,,,,,,3297,-143843,,,147140,226,,,226,,,,,,,
,11月,,November,1317322,1250950,1120782,,130168,129537,531,,100,100,10795,19082,35923,24.6,572,,,572,46182,45942,,,,,,,26000,6000,14000,6000,,,,,26000,6000,14000,6000,,,,,,-9455,,-2455,-7000,-9455,,-2455,-7000,,,,,,,,,,,,,,,,,,,,,,,,,,,,,,,,,,,,,,,,,,,,,,,,,,,,,,,,,,,,,,,,,,,,,,,,,3400,-143045,,,146445,532,,,532,,,,,,,
,12月,,December,1323750,1255322,1125048,,130274,129560,544,,170,100,11202,19176,37469,24.6,581,,,581,45165,44997,,,,,,,25000,7000,15000,3000,,,,,25000,7000,15000,3000,,,,,,-10019,-455,-2000,-7564,-10019,-455,-2000,-7564,,,,,,,,,,,,,,,,,,,,,,,,,,,,,,,,,,,,,,,,,,,,,,,,,,,,,,,,,,,,,,,,,,,,,,,,,3627,-149949,,,153576,264,,,264,,,,,,,
令和2年,1月,2020,January,1342267,1272461,1143435,,129026,128358,618,,50,50,11204,19043,38976,24.6,583,,,583,45128,44958,,,,,,,20000,8000,10000,2000,,,,,20000,8000,10000,2000,,,,,,-10561,-2000,,-8561,-10561,-2000,,-8561,,,,,,,,,,,,,,,,,,,,,,,,,,,,,,,,,,,,,,,,,,,,,,,,,,,,,,,,,,,,,,,,,,,,,,,,,3547,-157529,,,161076,93,,,93,,,,,,,
,2月,,February,1359036,1288702,1161926,,126776,126114,612,,50,50,11128,19017,39606,24.6,583,,,583,44360,44190,,,,,,,14999,6999,8000,,-1,-1,,,15000,7000,8000,,,,,,,-8545,,-1000,-7545,-8545,,-1000,-7545,,,,,,,,,,,,,,,,,,,,,,,,,,,,,,,,,,,,,,,,,,,,,,,,,,,,,,,,,,,,,,,,,,,,,,,,,3639,-160870,,,164509,-1,,,-1,,,,,,,
,3月,,March,1366177,1296161,1168262,,127899,127186,663,,50,50,10976,18892,39584,24.6,564,,,564,218236,43364,,,,,,,-151797,-56635,-95162,,-174797,-70635,-104162,,23000,14000,9000,,,,,,,-8528,,-3000,-5528,-8528,,-3000,-5528,,,,,,,,,,,,,,,,,,,,,,,,,,,,,,,,,,,,,,,,,,,,,,,,,,,,,,,,,,,,,,,,,,,,,,,,,4007,-168562,,,172569,-102,,,-102,,,,,,1365757,420
,4月,,April,1368567,1294803,1167833,,126970,126233,637,,100,100,12419,18875,41892,24.6,578,,,578,265464,44950,,,,,,,-197500,-3215,-201285,7000,-220500,-9215,-211285,,23000,6000,10000,7000,,,,,,-9535,-1000,-4500,-4035,-9535,-1000,-4500,-4035,,,,,,,,,,,,,,,,,,,,,,,,,,,,,,,,,,,,,,,,,,,,,,,,,,,,,,,,,,,,,,,,,,,,,,,,,3916,-162940,,,166856,-87,,,-87,,,,,,,
,5月,,May,1378239,1303135,1175985,,127150,126487,563,,100,100,13031,18963,42530,24.6,580,,,580,267094,43621,,,,,,,-203468,-131322,-77146,5000,-223468,-139322,-84146,,20000,8000,7000,5000,,,,,,-8525,-2000,-2500,-4025,-8525,-2000,-2500,-4025,,,,,,,,,,,,,,,,,,,,,,,,,,,,,,,,,,,,,,,,,,,,,,,,,,,,,,,,,,,,,,,,,,,,,,,,,3898,-164707,,,168605,109,,,109,,,,,,,
,6月,,June,1383164,1305912,1179056,,126856,126187,569,,100,100,13727,19438,43499,24.6,588,,,588,198961,42620,,,,,,,-136342,-91230,-51112,6000,-156342,-99230,-57112,,20000,8000,6000,6000,,,,,,-6527,-2500,,-4027,-6527,-2500,,-4027,,,,,,,,,,,,,,,,,,,,,,,,,,,,,,,,,,,,,,,,,,,,,,,,,,,,,,,,,,,,,,,,,,,,,,,,,4039,-161966,,,166005,74,,,74,,,,,,,
,7月,,July,1402475,1319329,1192089,,127240,126550,590,,100,100,14241,19966,48341,24.6,598,,,598,125802,42523,,,,,,,-63265,-8240,-62025,7000,-83265,-12240,-71025,,20000,4000,9000,7000,,,,,,-6556,,,-6556,-6556,,,-6556,,,,,,,,,,,,,,,,,,,,,,,,,,,,,,,,,,,,,,,,,,,,,,,,,,,,,,,,,,,,,,,,,,,,,,,,,4273,-170119,,,174392,-168,,,-168,,,,,,,
,8月,,August,1398516,1315446,1188509,,126937,126288,549,,100,100,14263,20051,48156,24.6,600,,,600,115274,42456,,,,,,,-48810,-51037,-7773,10000,-72810,-56037,-16773,,24000,5000,9000,10000,,,,,,-6568,,-1500,-5068,-6568,,-1500,-5068,,,,,,,,,,,,,,,,,,,,,,,,,,,,,,,,,,,,,,,,,,,,,,,,,,,,,,,,,,,,,,,,,,,,,,,,,4687,-181915,,,186602,-105,,,-105,,,,,,,
,9月,,September,1389779,1308829,1179103,,129726,129082,544,,100,100,14040,19888,46422,24.6,600,,,600,61308,42718,,,,,,,8451,-9702,4153,14000,-18549,-16702,-1847,,27000,7000,6000,14000,,,,,,-7099,,-2049,-5050,-7099,,-2049,-5050,,,,,,,,,,,,,,,,,,,,,,,,,,,,,,,,,,,,,,,,,,,,,,,,,,,,,,,,,,,,,,,,,,,,,,,,,4333,-175048,,,179381,-169,,,-169,,,,,,,
,10月,,October,1384372,1303440,1171657,,131783,131096,587,,100,100,14078,19946,46298,24.6,610,,,610,44592,42706,,,,,,,26152,3903,11249,11000,-1848,-1097,-751,,28000,5000,12000,11000,,,,,,-7100,-1500,-1550,-4050,-7100,-1500,-1550,-4050,,,,,,,,,,,,,,,,,,,,,,,,,,,,,,,,,,,,,,,,,,,,,,,,,,,,,,,,,,,,,,,,,,,,,,,,,4788,-176900,,,181688,-267,,,-267,,,,,,,
,11月,,November,1384615,1306159,1174513,,131646,130897,649,,100,100,14261,20210,43363,24.6,622,,,622,46804,46016,,,,,,,28249,3249,16000,9000,-751,-751,,,29000,4000,16000,9000,,,,,,-6616,-566,-1000,-5050,-6616,-566,-1000,-5050,,,,,,,,,,,,,,,,,,,,,,,,,,,,,,,,,,,,,,,,,,,,,,,,,,,,,,,,,,,,,,,,,,,,,,,,,4687,-178361,,,183048,-310,,,-310,,,,,,,
,12月,,December,1394680,1312160,1179613,,132547,131810,585,,152,100,15147,20215,46526,24.6,632,,,632,45555,45526,,,,,,,30000,8000,14000,8000,,,,,30000,8000,14000,8000,,,,,,-6050,-1000,,-5050,-6050,-1000,,-5050,,,,,,,,,,,,,,,,,,,,,,,,,,,,,,,,,,,,,,,,,,,,,,,,,,,,,,,,,,,,,,,,,,,,,,,,,4601,-185938,,,190539,-502,,,-502,,,,,,,
令和3年,1月,2021,January,1392058,1310208,1176850,,133358,132699,549,,110,100,15147,20222,45854,24.6,627,,,627,43561,43533,,,,,,,30000,8000,13000,9000,,,,,30000,8000,13000,9000,,,,,,-5050,,-1000,-4050,-5050,,-1000,-4050,,,,,,,,,,,,,,,,,,,,,,,,,,,,,,,,,,,,,,,,,,,,,,,,,,,,,,,,,,,,,,,,,,,,,,,,,4950,-188442,,,193392,102,,,102,,,,,,,
,2月,,February,1379412,1300583,1167264,,133319,132637,582,,100,100,15130,20205,42878,24.6,616,,,616,41091,41061,,,,,,,29998,7998,12000,10000,-2,-2,,,30000,8000,12000,10000,,,,,,-5050,,-1000,-4050,-5050,,-1000,-4050,,,,,,,,,,,,,,,,,,,,,,,,,,,,,,,,,,,,,,,,,,,,,,,,,,,,,,,,,,,,,,,,,,,,,,,,,5586,-187400,,,192986,630,,,630,,,,,,,
,3月,,March,1368465,1287752,1147660,,140092,139414,578,,100,100,14222,19895,45995,27.2,601,,,601,41609,41581,,,,,,,30000,6000,11000,13000,,,,,30000,6000,11000,13000,,,,,,-5050,-1000,,-4050,-5050,-1000,,-4050,,,,,,,,,,,,,,,,,,,,,,,,,,,,,,,,,,,,,,,,,,,,,,,,,,,,,,,,,,,,,,,,,,,,,,,,,5707,-198407,,,204114,1497,,,1497,,,,,,1368018,447
,4月,,April,1378467,1295207,1156492,,138715,138046,569,,100,100,14407,20162,48079,27.2,612,,,612,42111,42083,,,,,,,30000,6000,12000,12000,,,,,30000,6000,12000,12000,,,,,,-4050,,-2500,-1550,-4050,,-2500,-1550,,,,,,,,,,,,,,,,,,,,,,,,,,,,,,,,,,,,,,,,,,,,,,,,,,,,,,,,,,,,,,,,,,,,,,,,,5175,-190554,,,195729,825,,,825,,,,,,,
,5月,,May,1387508,1300432,1163025,,137407,136717,590,,100,100,14494,20286,51677,27.2,619,,,619,41798,41772,,,,,,,30000,6000,11000,13000,,,,,30000,6000,11000,13000,,,,,,-4050,,-2500,-1550,-4050,,-2500,-1550,,,,,,,,,,,,,,,,,,,,,,,,,,,,,,,,,,,,,,,,,,,,,,,,,,,,,,,,,,,,,,,,,,,,,,,,,4997,-196771,,,201768,697,,,697,,,,,,,
,6月,,June,1376478,1293649,1156782,,136867,136196,571,,100,100,14236,20026,47956,27.2,611,,,611,41006,40989,,,,,,,30000,7000,10000,13000,,,,,30000,7000,10000,13000,,,,,,-5550,-2500,-550,-2500,-5550,-2500,-550,-2500,,,,,,,,,,,,,,,,,,,,,,,,,,,,,,,,,,,,,,,,,,,,,,,,,,,,,,,,,,,,,,,,,,,,,,,,,5004,-196656,,,201660,826,,,826,,,,,,,
,7月,,July,1386504,1301912,1166411,,135501,134870,531,,100,100,14252,20068,49658,27.2,614,,,614,41301,41281,,,,,,,30000,5000,12000,13000,,,,,30000,5000,12000,13000,,,,,,-4300,,-550,-3750,-4300,,-550,-3750,,,,,,,,,,,,,,,,,,,,,,,,,,,,,,,,,,,,,,,,,,,,,,,,,,,,,,,,,,,,,,,,,,,,,,,,,5078,-199218,,,204296,251,,,251,,,,,,,
,8月,,August,1424284,1298020,1163323,,134697,134036,561,,100,100,14206,62079,49362,27.2,617,,,617,41579,41554,,,,,,,29998,5998,12000,12000,-2,-2,,,30000,6000,12000,12000,,,,,,-4300,-550,-1000,-2750,-4300,-550,-1000,-2750,,,,,,,,,,,,,,,,,,,,,,,,,,,,,,,,,,,,,,,,,,,,,,,,,,,,,,,,,,,,,,,,,,,,,,,,,4698,-188828,,,193526,205,,,205,,,,,,,
,9月,,September,1409309,1284904,1149860,,135044,134381,563,,100,100,14014,62385,47402,27.2,604,,,604,41123,41101,,,,,,,30000,6000,12000,12000,,,,,30000,6000,12000,12000,,,,,,-4750,,-1000,-3750,-4750,,-1000,-3750,,,,,,,,,,,,,,,,,,,,,,,,,,,,,,,,,,,,,,,,,,,,,,,,,,,,,,,,,,,,,,,,,,,,,,,,,4814,-188664,,,193478,440,,,440,,,,,,,
,10月,,October,1404520,1278436,1143440,,134996,134349,547,,100,100,14329,63031,48119,27.2,605,,,605,41103,41083,,,,,,,30000,6000,11000,13000,,,,,30000,6000,11000,13000,,,,,,-5750,-1000,,-4750,-5750,-1000,,-4750,,,,,,,,,,,,,,,,,,,,,,,,,,,,,,,,,,,,,,,,,,,,,,,,,,,,,,,,,,,,,,,,,,,,,,,,,5018,-194544,,,199562,958,,,958,,,,,,,
,11月,,November,1405754,1279506,1144721,,134785,134141,544,,100,100,10441,62383,49078,27.2,4346,,,4346,41210,41194,,,,,,,28000,6000,10000,12000,,,,,28000,6000,10000,12000,,,,,,-6250,,,-6250,-6250,,,-6250,,,,,,,,,,,,,,,,,,,,,,,,,,,,,,,,,,,,,,,,,,,,,,,,,,,,,,,,,,,,,,,,,,,,,,,,,5594,-210292,,,215886,513,,,513,,,,,,,
,12月,,December,1405750,1278925,1143851,,135074,134409,540,,125,100,10643,62330,49505,27.2,4347,,,4347,42345,42328,,,,,,,25000,5000,11000,9000,,,,,25000,5000,11000,9000,,,,,,-6250,,,-6250,-6250,,,-6250,,,,,,,,,,,,,,,,,,,,,,,,,,,,,,,,,,,,,,,,,,,,,,,,,,,,,,,,,,,,,,,,,,,,,,,,,5526,-206000,,,211526,755,,,755,,,,,,,
令和4年,1月,2022,January,1385932,1259935,1125046,,134889,134260,529,,100,100,10583,62276,48829,27.2,4309,,,4309,45662,45637,,,,,,,24999,4999,11000,9000,-1,-1,,,25000,5000,11000,9000,,,,,,-8500,,,-8500,-8500,,,-8500,,,,,,,,,,,,,,,,,,,,,,,,,,,,,,,,,,,,,,,,,,,,,,,,,,,,,,,,,,,,,,,,,,,,,,,,,5941,-202504,,,208445,548,,,548,,,,,,,
,2月,,February,1384573,1254841,1119806,,135035,134409,526,,100,100,11052,62416,51946,27.2,4318,,,4318,45954,45923,,,,,,,23997,5997,10000,8000,-3,-3,,,24000,6000,10000,8000,,,,,,-8500,,,-8500,-8500,,,-8500,,,,,,,,,,,,,,,,,,,,,,,,,,,,,,,,,,,,,,,,,,,,,,,,,,,,,,,,,,,,,,,,,,,,,,,,,5886,-212987,,,218873,320,,,320,,,,,,,
,3月,,March,1356071,1226246,1089379,,136867,136244,598,,25,25,10867,61859,52825,27.2,4274,,,4274,46498,46461,,,,,,,24000,5000,8000,11000,,,,,24000,5000,8000,11000,,,,,,-8500,,-1500,-7000,-8500,,-1500,-7000,,,,,,,,,,,,,,,,,,,,,,,,,,,,,,,,,,,,,,,,,,,,,,,,,,,,,,,,,,,,,,,,,,,,,,,,,6588,-205717,,,212305,1355,,,1355,,,,,,1355630,441
,4月,,April,1322193,1195415,1058328,,137087,136461,574,,52,50,10283,60364,51985,27.2,4146,,,4146,46902,46849,,,,,,,24000,5000,9000,10000,,,,,24000,5000,9000,10000,,,,,,-8500,,-1500,-7000,-8500,,-1500,-7000,,,,,,,,,,,,,,,,,,,,,,,,,,,,,,,,,,,,,,,,,,,,,,,,,,,,,,,,,,,,,,,,,,,,,,,,,6515,-200667,,,207182,2332,,,2332,,,,,,,
,5月,,May,1329651,1204539,1067545,,136994,136366,603,,25,25,10324,60617,50011,27.2,4160,,,4160,46478,46407,,,,,,,24000,5000,9000,10000,,,,,24000,5000,9000,10000,,,,,,-10500,-1500,-1250,-7750,-10500,-1500,-1250,-7750,,,,,,,,,,,,,,,,,,,,,,,,,,,,,,,,,,,,,,,,,,,,,,,,,,,,,,,,,,,,,,,,,,,,,,,,,6765,-196732,,,203497,1598,,,1598,,,,,,,
,6月,,June,1311254,1188826,1052734,,136092,135472,595,,25,25,10064,58858,49421,27.2,4085,,,4085,45857,45756,,,,,,,24000,5000,8000,11000,,,,,24000,5000,8000,11000,,,,,,-9000,-1250,-1000,-6750,-9000,-1250,-1000,-6750,,,,,,,,,,,,,,,,,,,,,,,,,,,,,,,,,,,,,,,,,,,,,,,,,,,,,,,,,,,,,,,,,,,,,,,,,6169,-191445,,,197614,2431,,,2431,,,,,,,
,7月,,July,1323034,1202553,1064930,,137623,137015,583,,25,25,10033,58680,47691,27.2,4077,,,4077,45852,45701,,,,,,,23999,3999,9000,11000,-1,-1,,,24000,4000,9000,11000,,,,,,-10250,,-2000,-8250,-10250,,-2000,-8250,,,,,,,,,,,,,,,,,,,,,,,,,,,,,,,,,,,,,,,,,,,,,,,,,,,,,,,,,,,,,,,,,,,,,,,,,6514,-189302,,,195816,1253,,,1253,,,,,,,
,8月,,August,1292072,1172891,1036781,,136110,135535,550,,25,25,10092,58413,46671,27.2,4005,,,4005,46010,45806,,,,,,,23998,3998,9000,11000,-2,-2,,,24000,4000,9000,11000,,,,,,-10250,-1000,-2500,-6750,-10250,-1000,-2500,-6750,,,,,,,,,,,,,,,,,,,,,,,,,,,,,,,,,,,,,,,,,,,,,,,,,,,,,,,,,,,,,,,,,,,,,,,,,5439,-185078,,,190517,1775,,,1775,,,,,,,
,9月,,September,1238056,1121384,985272,,136112,135514,573,,25,25,9832,57450,45470,27.2,3920,,,3920,45731,45489,,,,,,,24000,5000,9000,10000,,,,,24000,5000,9000,10000,,,,,,-11750,-1000,-1500,-9250,-11750,-1000,-1500,-9250,,,,,,,,,,,,,,,,,,,,,,,,,,,,,,,,,,,,,,,,,,,,,,,,,,,,,,,,,,,,,,,,,,,,,,,,,4978,-169867,,,174845,2065,,,2065,,,,,,,
,10月,,October,1194568,1078348,941331,,137017,136421,571,,25,25,10101,57435,44580,27.2,4104,,,4104,45323,45037,,,,,,,24000,5000,11000,8000,,,,,24000,5000,11000,8000,,,,,,-12750,-1500,-2250,-9000,-12750,-1500,-2250,-9000,,,,,,,,,,,,,,,,,,,,,,,,,,,,,,,,,,,,,,,,,,,,,,,,,,,,,,,,,,,,,,,,,,,,,,,,,4611,-155286,,,159897,2042,,,2042,,,,,,,
,11月,,November,1226332,1105152,968061,,137091,136469,597,,25,25,10348,58926,47694,27.2,4212,,,4212,45134,44829,,,,,,,24000,6000,11000,7000,,,,,24000,6000,11000,7000,,,,,,-11250,,-2250,-9000,-11250,,-2250,-9000,,,,,,,,,,,,,,,,,,,,,,,,,,,,,,,,,,,,,,,,,,,,,,,,,,,,,,,,,,,,,,,,,,,,,,,,,3422,-154630,,,158052,12,,,12,,,,,,,
,12月,,December,1227576,1103907,966703,,137204,136563,616,,25,25,10817,59275,49295,27.2,4282,,,4282,45118,44777,,,,,,,24000,6000,9000,9000,,,,,24000,6000,9000,9000,,,,,,-11250,-2250,,-9000,-11250,-2250,,-9000,,,,,,,,,,,,,,,,,,,,,,,,,,,,,,,,,,,,,,,,,,,,,,,,,,,,,,,,,,,,,,,,,,,,,,,,,4241,-155856,,,160097,-1053,,,-1053,,,,,,,
令和5年,1月,,January,1250228,1122512,985289,,137223,136804,394,,25,25,10961,60071,52328,27.2,4356,,,4356,45937,45531,,,,,,,23999,4999,9000,10000,-1,-1,,,24000,5000,9000,10000,,,,,,-9000,,,-9000,-9000,,,-9000,,,,,,,,,,,,,,,,,,,,,,,,,,,,,,,,,,,,,,,,,,,,,,,,,,,,,,,,,,,,,,,,,,,,,,,,,4117,-158486,,,162603,-794,,,-794,,,,,,,
,2月,,February,1226044,1102087,964999,,137088,136675,388,,25,25,10799,59275,49627,27.2,4256,,,4256,45973,45508,,,,,,,22997,4997,9000,9000,-3,-3,,,23000,5000,9000,9000,,,,,,-9000,,-2000,-7000,-9000,,-2000,-7000,,,,,,,,,,,,,,,,,,,,,,,,,,,,,,,,,,,,,,,,,,,,,,,,,,,,,,,,,,,,,,,,,,,,,,,,,5688,-159648,,,165336,507,,,507,,,,,,,
,3月,,March,1257061,1128749,991448,,137301,136883,393,,25,25,10813,58397,53846,27.2,5256,,,5256,45718,45223,,,,,,,22000,5000,9000,8000,,,,,22000,5000,9000,8000,,,,,,-9000,,-2000,-7000,-9000,,-2000,-7000,,,,,,,,,,,,,,,,,,,,,,,,,,,,,,,,,,,,,,,,,,,,,,,,,,,,,,,,,,,,,,,,,,,,,,,,,3673,-159982,,,163655,250,,,250,,,,,,1251898,5163
,4月,,April,1265414,1136954,1000421,,136533,136111,397,,25,25,10785,58475,53924,27.2,5276,,,5276,45490,44977,,,,,,,22000,5000,8000,9000,,,,,22000,5000,8000,9000,,,,,,-10000,-2000,-2500,-5500,-10000,-2000,-2500,-5500,,,,,,,,,,,,,,,,,,,,,,,,,,,,,,,,,,,,,,,,,,,,,,,,,,,,,,,,,,,,,,,,,,,,,,,,,3950,-164755,,,168705,893,,,893,,,,,,,
,5月,,May,1254522,1126383,988105,,138278,137863,390,,25,25,10626,58304,53430,27.2,5779,,,5779,44210,43952,,,,,,,22000,4000,10000,8000,,,,,22000,4000,10000,8000,,,,,,-11500,,-2500,-9000,-11500,,-2500,-9000,,,,,,,,,,,,,,,,,,,,,,,,,,,,,,,,,,,,,,,,,,,,,,,,,,,,,,,,,,,,,,,,,,,,,,,,,5714,-157489,,,163203,1323,,,1323,,,,,,,
,6月,,June,1247179,1120152,984184,,135968,135548,395,,25,25,10641,58422,52012,27.2,5952,,,5952,44063,43725,,,,,,,21999,4999,8000,9000,-1,-1,,,22000,5000,8000,9000,,,,,,-11500,-2500,-2500,-6500,-11500,-2500,-2500,-6500,,,,,,,,,,,,,,,,,,,,,,,,,,,,,,,,,,,,,,,,,,,,,,,,,,,,,,,,,,,,,,,,,,,,,,,,,4078,-155500,,,159578,1850,,,1850,,,,,,,
,7月,,July,1253673,1124275,987946,,136329,135907,397,,25,25,10777,58995,53600,27.2,6026,,,6026,44083,43664,,,,,,,21999,4999,9000,8000,-1,-1,,,22000,5000,9000,8000,,,,,,-9000,,-4500,-4500,-9000,,-4500,-4500,,,,,,,,,,,,,,,,,,,,,,,,,,,,,,,,,,,,,,,,,,,,,,,,,,,,,,,,,,,,,,,,,,,,,,,,,4150,-155118,,,159268,1278,,,1278,,,,,,,
,8月,,August,1251171,1122386,986675,,135711,135292,394,,25,25,10617,55104,52829,27.2,10235,,,10235,44003,43458,,,,,,,21000,4000,9000,8000,,,,,21000,4000,9000,8000,,,,,,-9800,-2500,-2000,-5300,-9800,-2500,-2000,-5300,,,,,,,,,,,,,,,,,,,,,,,,,,,,,,,,,,,,,,,,,,,,,,,,,,,,,,,,,,,,,,,,,,,,,,,,,5243,-154221,,,159464,1349,,,1349,,,,,,,
,9月,,September,1237248,1109903,973710,,136193,135780,388,,25,25,10498,55826,50876,27.2,10145,,,10145,42936,42267,,,,,,,20000,6000,8000,6000,,,,,20000,6000,8000,6000,,,,,,-8200,-2000,,-6200,-8200,-2000,,-6200,,,,,,,,,,,,,,,,,,,,,,,,,,,,,,,,,,,,,,,,,,,,,,,,,,,,,,,,,,,,,,,,,,,,,,,,,3916,-149291,,,153207,1576,,,1576,,,,,,,
,10月,,October,1238000,1107024,961749,,145275,144862,388,,25,25,10426,56067,54314,27.2,10169,,,10169,42868,42108,,,,,,,20000,3000,8000,9000,,,,,20000,3000,8000,9000,,,,,,-7200,,,-7200,-7200,,,-7200,,,,,,,,,,,,,,,,,,,,,,,,,,,,,,,,,,,,,,,,,,,,,,,,,,,,,,,,,,,,,,,,,,,,,,,,,3898,-150906,,,154804,1349,,,1349,,,,,,,
,11月,,November,1269707,1136445,982657,,153788,153369,394,,25,25,10536,57090,55362,27.2,10274,,,10274,41988,41682,,,,,,,20000,5000,5000,10000,,,,,20000,5000,5000,10000,,,,,,-7200,,,-7200,-7200,,,-7200,,,,,,,,,,,,,,,,,,,,,,,,,,,,,,,,,,,,,,,,,,,,,,,,,,,,,,,,,,,,,,,,,,,,,,,,,4142,-156818,,,160960,804,,,804,,,,,,,
,12月,,December,1294637,1159849,1005227,,154622,154200,397,,25,25,10597,57508,56095,27.2,10588,,,10588,41622,41226,,,,,,,20000,3000,7000,10000,,,,,20000,3000,7000,10000,,,,,,-7200,,,-7200,-7200,,,-7200,,,,,,,,,,,,,,,,,,,,,,,,,,,,,,,,,,,,,,,,,,,,,,,,,,,,,,,,,,,,,,,,,,,,,,,,,4308,-163850,,,168158,-268,,,-268,,,,,,,
令和6年,1月,,January,1291792,1156169,1000806,,155363,154944,394,,25,25,10849,55591,55846,27.2,13337,,,13337,42064,41635,,,,,,,20000,2000,10000,8000,,,,,20000,2000,10000,8000,,,,,,-7200,,-1000,-6200,-7200,,-1000,-6200,,,,,,,,,,,,,,,,,,,,,,,,,,,,,,,,,,,,,,,,,,,,,,,,,,,,,,,,,,,,,,,,,,,,,,,,,4177,-170500,,,174677,505,,,505,,,,,,,
,2月,,February,1281484,1145242,989583,,155659,155241,393,,25,25,10776,56512,55705,27.2,13249,,,13249,41709,41190,,,,,,,20000,5000,8000,7000,,,,,20000,5000,8000,7000,,,,,,-8200,,-4500,-3700,-8200,,-4500,-3700,,,,,,,,,,,,,,,,,,,,,,,,,,,,,,,,,,,,,,,,,,,,,,,,,,,,,,,,,,,,,,,,,,,,,,,,,4316,-165569,,,169885,879,,,879,,,,,,,
,3月,,March,1290606,1149888,994868,,155020,154602,393,,25,25,10747,56109,60229,27.2,13633,,,13633,41885,41223,,,,,,,20000,5000,9000,6000,,,,,20000,5000,9000,6000,,,,,,-8200,-1000,-3500,-3700,-8200,-1000,-3500,-3700,,,,,,,,,,,,,,,,,,,,,,,,,,,,,,,,,,,,,,,,,,,,,,,,,,,,,,,,,,,,,,,,,,,,,,,,,4277,-166769,,,171046,899,,,899,,,,,,1273207,17399
,4月,,April,1278977,1135713,978004,,157709,157294,390,,25,25,10662,56251,62748,27.2,13603,,,13603,42032,41297,,,,,,,20000,5000,11000,4000,,,,,20000,5000,11000,4000,,,,,,-8700,-3500,,-5200,-8700,-3500,,-5200,,,,,,,,,,,,,,,,,,,,,,,,,,,,,,,,,,,,,,,,,,,,,,,,,,,,,,,,,,,,,,,,,,,,,,,,,5394,-162386,,,167780,1488,,,1488,,,,,,,
,5月,,May,1231572,1086534,927579,,158955,158536,394,,25,25,10659,56930,63870,27.2,13579,,,13579,40759,40458,,,,,,,20000,6000,10000,4000,,,,,20000,6000,10000,4000,,,,,,-6700,,-800,-5900,-6700,,-800,-5900,,,,,,,,,,,,,,,,,,,,,,,,,,,,,,,,,,,,,,,,,,,,,,,,,,,,,,,,,,,,,,,,,,,,,,,,,4233,-162827,,,167060,1192,,,1192,,,,,,,
,6月,,June,1231495,1086471,928214,,158257,157841,391,,25,25,10587,56818,63399,27.2,14220,,,14220,40503,40118,,,,,,,20000,5000,10000,5000,,,,,20000,5000,10000,5000,,,,,,-6700,,-1700,-5000,-6700,,-1700,-5000,,,,,,,,,,,,,,,,,,,,,,,,,,,,,,,,,,,,,,,,,,,,,,,,,,,,,,,,,,,,,,,,,,,,,,,,,4619,-165995,,,170614,1235,,,1235,,,,,,,
,7月,,July,1219077,1069813,911134,,158679,158261,393,,25,25,10623,57888,65993,27.2,14760,,,14760,39528,39129,,,,,,,19999,4999,10000,5000,-1,-1,,,20000,5000,10000,5000,,,,,,-9200,-800,-1900,-6500,-9200,-800,-1900,-6500,,,,,,,,,,,,,,,,,,,,,,,,,,,,,,,,,,,,,,,,,,,,,,,,,,,,,,,,,,,,,,,,,,,,,,,,,4511,-165417,,,169928,-489,,,-489,,,,,,,
,8月,,August,1235749,1082641,923634,,159007,158584,398,,25,25,10714,59146,68361,27.2,14887,,,14887,39999,39505,,,,,,,19999,4999,10000,5000,-1,-1,,,20000,5000,10000,5000,,,,,,-9100,-900,-1000,-7200,-9100,-900,-1000,-7200,,,,,,,,,,,,,,,,,,,,,,,,,,,,,,,,,,,,,,,,,,,,,,,,,,,,,,,,,,,,,,,,,,,,,,,,,4454,-166126,,,170580,-790,,,-790,,,,,,,
,9月,,September,1254898,1097895,938409,,159486,159062,399,,25,25,10841,59593,71533,27.2,15036,,,15036,39717,39101,,,,,,,20000,5000,7000,8000,,,,,20000,5000,7000,8000,,,,,,-10900,-1000,,-9900,-10900,-1000,,-9900,,,,,,,,,,,,,,,,,,,,,,,,,,,,,,,,,,,,,,,,,,,,,,,,,,,,,,,,,,,,,,,,,,,,,,,,,4641,-169081,,,173722,-680,,,-680,,,,,,,
,10月,,October,1238950,1080471,921125,,159346,158927,394,,25,25,10476,58506,74367,27.2,15130,,,15130,40103,39432,,,,,,,19999,4999,10000,5000,-1,-1,,,20000,5000,10000,5000,,,,,,-9900,,,-9900,-9900,,,-9900,,,,,,,,,,,,,,,,,,,,,,,,,,,,,,,,,,,,,,,,,,,,,,,,,,,,,,,,,,,,,,,,,,,,,,,,,4795,-169529,,,174324,749,,,749,,,,,,,
,11月,,November,1238999,1083794,924013,,159781,159368,388,,25,25,10276,57565,72106,27.2,15258,,,15258,39045,38795,,,,,,,19998,4998,9000,6000,-2,-2,,,20000,5000,9000,6000,,,,,,-9900,,-1000,-8900,-9900,,-1000,-8900,,,,,,,,,,,,,,,,,,,,,,,,,,,,,,,,,,,,,,,,,,,,,,,,,,,,,,,,,,,,,,,,,,,,,,,,,4527,-174380,,,178907,448,,,448,,,,,,,
,12月,,December,1230715,1077137,917567,,159570,159124,384,,62,25,10199,57197,71013,27.2,15169,,,15169,38761,38479,,,,,,,20000,5000,9000,6000,,,,,20000,5000,9000,6000,,,,,,-9900,,-1000,-8900,-9900,,-1000,-8900,,,,,,,,,,,,,,,,,,,,,,,,,,,,,,,,,,,,,,,,,,,,,,,,,,,,,,,,,,,,,,,,,,,,,,,,,4441,-174540,,,178981,1314,,,1314,,,,,,,
令和7年,1月,,January,1240631,1081367,921498,,159869,159460,384,,25,25,10137,57221,76485,27.2,15421,,,15421,38736,38432,,,,,,,19998,4998,9000,6000,-2,-2,,,20000,5000,9000,6000,,,,,,-13400,-1000,-1500,-10900,-13400,-1000,-1500,-10900,,,,,,,,,,,,,,,,,,,,,,,,,,,,,,,,,,,,,,,,,,,,,,,,,,,,,,,,,,,,,,,,,,,,,,,,,4340,-165086,,,169426,703,,,703,,,,,,,
,2月,,February,1253281,1093014,933151,,159863,159454,384,,25,25,10124,57649,77098,27.2,15396,,,15396,38583,38244,,,,,,,20000,4000,9000,7000,,,,,20000,4000,9000,7000,,,,,,-12400,,-3000,-9400,-12400,,-3000,-9400,,,,,,,,,,,,,,,,,,,,,,,,,,,,,,,,,,,,,,,,,,,,,,,,,,,,,,,,,,,,,,,,,,,,,,,,,4298,-167584,,,171882,-37,,,-37,,,,,,,
,3月,,March,1272511,1103340,943250,,160090,159672,393,,25,25,10265,58537,84728,27.2,15641,,,15641,38679,38288,,,,,,,20000,5000,8000,7000,,,,,20000,5000,8000,7000,,,,,,-12400,-1500,-1500,-9400,-12400,-1500,-1500,-9400,,,,,,,,,,,,,,,,,,,,,,,,,,,,,,,,,,,,,,,,,,,,,,,,,,,,,,,,,,,,,,,,,,,,,,,,,4376,-163264,,,167640,-10,,,-10,,,,,,1254216,18295
,4月,,April,1298249,1120741,961015,,159726,159298,403,,25,25,11609,60081,89813,27.2,16005,,,16005,38764,38334,,,,,,,20000,4000,10000,6000,,,,,20000,4000,10000,6000,,,,,,-14900,-1500,-2500,-10900,-14900,-1500,-2500,-10900,,,,,,,,,,,,,,,,,,,,,,,,,,,,,,,,,,,,,,,,,,,,,,,,,,,,,,,,,,,,,,,,,,,,,,,,,4849,-163627,,,168476,-640,,,-640,,,,,,,
,5月,,May,1298139,1121154,961262,,159892,159464,403,,25,25,11565,60329,89147,27.2,15944,,,15944,36768,36629,,,,,,,20000,5000,10000,5000,,,,,20000,5000,10000,5000,,,,,,-13400,,-3200,-10200,-13400,,-3200,-10200,,,,,,,,,,,,,,,,,,,,,,,,,,,,,,,,,,,,,,,,,,,,,,,,,,,,,,,,,,,,,,,,,,,,,,,,,4282,-166681,,,170963,-255,,,-255,,,,,,,
,6月,,June,1313782,1135273,975254,,160019,159582,412,,25,25,11764,60910,89416,27.2,16419,,,16419,36463,36276,,,,,,,20000,6000,9000,5000,,,,,20000,6000,9000,5000,,,,,,-13400,-2500,-3400,-7500,-13400,-2500,-3400,-7500,,,,,,,,,,,,,,,,,,,,,,,,,,,,,,,,,,,,,,,,,,,,,,,,,,,,,,,,,,,,,,,,,,,,,,,,,4862,-174957,,,179819,-77,,,-77,,,,,,,
,7月,,July,1304436,1127328,965568,,161760,161330,405,,25,25,11084,60089,89726,27.2,16209,,,16209,36448,36178,,,,,,,20000,4000,10000,6000,,,,,20000,4000,10000,6000,,,,,,-12730,-700,-2700,-9330,-12730,-700,-2700,-9330,,,,,,,,,,,,,,,,,,,,,,,,,,,,,,,,,,,,,,,,,,,,,,,,,,,,,,,,,,,,,,,,,,,,,,,,,4609,-173831,,,178440,961,,,961,,,,,,,
,8月,,August,1324210,1142468,981399,,161069,160634,410,,25,25,11259,60916,93270,27.2,16297,,,16297,35716,35344,,,,,,,19998,4998,9000,6000,-2,-2,,,20000,5000,9000,6000,,,,,,-12038,-2700,,-9338,-12038,-2700,,-9338,,,,,,,,,,,,,,,,,,,,,,,,,,,,,,,,,,,,,,,,,,,,,,,,,,,,,,,,,,,,,,,,,,,,,,,,,4460,-174874,,,179334,453,,,453,,,,,,,
,9月,,September,1341268,1148726,987914,,160812,160376,411,,25,25,11266,60898,104045,27.2,16333,,,16333,35829,35437,,,,,,,20000,6000,7000,7000,,,,,20000,6000,7000,7000,,,,,,-10436,,,-10436,-10436,,,-10436,,,,,,,,,,,,,,,,,,,,,,,,,,,,,,,,,,,,,,,,,,,,,,,,,,,,,,,,,,,,,,,,,,,,,,,,,7262,-176865,,,184127,469,,,469,,,,,,,
,10月,,October,1347378,1150642,989345,,161297,160865,407,,25,25,11191,60354,109109,27.2,16082,,,16082,35407,34954,,,,,,,20000,3000,9000,8000,,,,,20000,3000,9000,8000,,,,,,-11829,,-3500,-8329,-11829,,-3500,-8329,,,,,,,,,,,,,,,,,,,,,,,,,,,,,,,,,,,,,,,,,,,,,,,,,,,,,,,,,,,,,,,,,,,,,,,,,4434,-174641,,,179075,1013,,,1013,,,,,,,
,11月,,November,1359358,1157683,996419,,161264,160831,408,,25,25,11179,60511,113993,27.2,15992,,,15992,34493,34256,,,,,,,19998,3998,8000,8000,-2,-2,,,20000,4000,8000,8000,,,,,,-13631,,-3500,-10131,-13631,,-3500,-10131,,,,,,,,,,,,,,,,,,,,,,,,,,,,,,,,,,,,,,,,,,,,,,,,,,,,,,,,,,,,,,,,,,,,,,,,,4491,-176078,,,180569,1136,,,1136,,,,,,,
,12月,,December,1369775,1164196,1003757,,160439,159971,411,,57,25,11262,60840,117172,27.2,16305,,,16305,32455,32162,,,,,,,20000,5000,8000,7000,,,,,20000,5000,8000,7000,,,,,,-13637,-3500,,-10137,-13637,-3500,,-10137,,,,,,,,,,,,,,,,,,,,,,,,,,,,,,,,,,,,,,,,,,,,,,,,,,,,,,,,,,,,,,,,,,,,,,,,,4842,-178511,,,183353,959,,,959,,,,,,,
令和8年,1月,,January,1394750,1170099,1008357,,161742,161304,413,,25,25,11364,61428,135502,27.2,16357,,,16357,32381,32098,,,,,,,19999,3999,9000,7000,-1,-1,,,20000,4000,9000,7000,,,,,,-10642,,-4000,-6642,-10642,,-4000,-6642,,,,,,,,,,,,,,,,,,,,,,,,,,,,,,,,,,,,,,,,,,,,,,,,,,,,,,,,,,,,,,,,,,,,,,,,,4402,-175731,,,180133,413,,,413,,,,,,,
,2月,,Feburuary,1410699,1179900,1018350,,161550,161113,412,,25,25,11300,61245,142042,27.2,16212,,,16212,31952,31668,,,,,,,20000,5000,9000,6000,,,,,20000,5000,9000,6000,,,,,,-10637,,-4000,-6637,-10637,,-4000,-6637,,,,,,,,,,,,,,,,,,,,,,,,,,,,,,,,,,,,,,,,,,,,,,,,,,,,,,,,,,,,,,,,,,,,,,,,,4668,-183545,,,188213,511,,,511,,,,,,,
,3月,,March,1374734,1161819,1000090,,161729,161297,407,,25,25,11137,60447,125343,27.2,15988,,,15988,34247,33960,,,,,,,20000,5000,9000,6000,,,,,20000,5000,9000,6000,,,,,,-10631,-4000,,-6631,-10631,-4000,,-6631,,,,,,,,,,,,,,,,,,,,,,,,,,,,,,,,,,,,,,,,,,,,,,,,,,,,,,,,,,,,,,,,,,,,,,,,,4531,-177913,,,182444,616,,,616,,,,,,1354907,19824
,4月,,April,1382994,1169438,1007241,,162197,161761,411,,25,25,11265,61049,125425,27.2,15817,,,15817,33520,33189,,,,,,,20000,5000,9000,6000,,,,,20000,5000,9000,6000,,,,,,-8140,,-1840,-6300,-8140,,-1840,-6300,,,,,,,,,,,,,,,,,,,,,,,,,,,,,,,,,,,,,,,,,,,,,,,,,,,,,,,,,,,,,,,,,,,,,,,,,4658,-181756,,,186414,207,,,207,,,,,,,
,5月,,May,1305874,1093913,931678,,162235,161800,410,,25,25,11512,60894,123646,27.2,15909,,,15909,34501,34269,,,,,,,20000,5000,9000,6000,,,,,20000,5000,9000,6000,,,,,,-9037,,-1837,-7200,-9037,,-1837,-7200,,,,,,,,,,,,,,,,,,,,,,,,,,,,,,,,,,,,,,,,,,,,,,,,,,,,,,,,,,,,,,,,,,,,,,,,,4610,-181239,,,185849,411,,,411,,,,,,,
,6月,,June,1287476,1090515,928581,,161934,161504,405,,25,25,11314,60387,109505,27.2,15755,,,15755,34123,33836,,,,,,,20000,4000,8000,8000,,,,,20000,4000,8000,8000,,,,,,-10532,-1832,-1100,-7600,-10532,-1832,-1100,-7600,,,,,,,,,,,,,,,,,,,,,,,,,,,,,,,,,,,,,,,,,,,,,,,,,,,,,,,,,,,,,,,,,,,,,,,,,4794,-185553,,,190347,724,,,724,,,,,,,
,7月,,July,1287099,1089617,927332,,162285,161853,407,,25,25,11377,60728,109520,27.2,15857,,,15857,33915,33617,,,,,,,20000,5000,9000,6000,,,,,20000,5000,9000,6000,,,,,,-11450,,-2500,-8950,-11450,,-2500,-8950,,,,,,,,,,,,,,,,,,,,,,,,,,,,,,,,,,,,,,,,,,,,,,,,,,,,,,,,,,,,,,,,,,,,,,,,,4718,-186748,,,191466,-5,,,-5,,,,,,,
,8月,,August,1207524,994976,839559,,155417,154983,409,,25,25,11420,61170,124103,27.2,15855,,,15855,35285,34958,,,,,,,19999,3999,8000,8000,-1,-1,,,20000,4000,8000,8000,,,,,,-11450,-1100,-3200,-7150,-11450,-1100,-3200,-7150,,,,,,,,,,,,,,,,,,,,,,,,,,,,,,,,,,,,,,,,,,,,,,,,,,,,,,,,,,,,,,,,,,,,,,,,,4831,-188896,,,193727,175,,,175,,,,,,,
